Date,Series,Indexed_Value
2023-01-03,Magnificent 7 (Equal Weight),100.0
2023-01-04,Magnificent 7 (Equal Weight),99.73135477732530
2023-01-05,Magnificent 7 (Equal Weight),97.66816586666520
2023-01-06,Magnificent 7 (Equal Weight),99.92515781428790
2023-01-09,Magnificent 7 (Equal Weight),101.40965518713900
2023-01-10,Magnificent 7 (Equal Weight),102.4415878219850
2023-01-11,Magnificent 7 (Equal Weight),105.2875271513960
2023-01-12,Magnificent 7 (Equal Weight),106.19200920089600
2023-01-13,Magnificent 7 (Equal Weight),106.88133932122800
2023-01-17,Magnificent 7 (Equal Weight),107.86400697923100
2023-01-18,Magnificent 7 (Equal Weight),106.41493527458600
2023-01-19,Magnificent 7 (Equal Weight),106.06732007779500
2023-01-20,Magnificent 7 (Equal Weight),109.88360254580500
2023-01-23,Magnificent 7 (Equal Weight),112.85099202683900
2023-01-24,Magnificent 7 (Equal Weight),112.55256751405600
2023-01-25,Magnificent 7 (Equal Weight),111.94944748663400
2023-01-26,Magnificent 7 (Equal Weight),116.53787574539400
2023-01-27,Magnificent 7 (Equal Weight),120.33777235232500
2023-01-30,Magnificent 7 (Equal Weight),116.55765406744000
2023-01-31,Magnificent 7 (Equal Weight),119.0710204151370
2023-02-01,Magnificent 7 (Equal Weight),122.06189133602300
2023-02-02,Magnificent 7 (Equal Weight),131.69805337912300
2023-02-03,Magnificent 7 (Equal Weight),129.63311343781900
2023-02-06,Magnificent 7 (Equal Weight),129.2413906090790
2023-02-07,Magnificent 7 (Equal Weight),132.67513656972400
2023-02-08,Magnificent 7 (Equal Weight),130.438181252736
2023-02-09,Magnificent 7 (Equal Weight),129.21357934354000
2023-02-10,Magnificent 7 (Equal Weight),127.09792412135800
2023-02-13,Magnificent 7 (Equal Weight),129.19588097569800
2023-02-14,Magnificent 7 (Equal Weight),131.28610647132300
2023-02-15,Magnificent 7 (Equal Weight),132.07782339782900
2023-02-16,Magnificent 7 (Equal Weight),128.13119574358100
2023-02-17,Magnificent 7 (Equal Weight),127.98243353504300
2023-02-21,Magnificent 7 (Equal Weight),124.5214897764310
2023-02-22,Magnificent 7 (Equal Weight),124.90639948628800
2023-02-23,Magnificent 7 (Equal Weight),125.93250197247500
2023-02-24,Magnificent 7 (Equal Weight),123.44331316152900
2023-02-27,Magnificent 7 (Equal Weight),125.1439266766690
2023-02-28,Magnificent 7 (Equal Weight),125.47728034613300
2023-03-01,Magnificent 7 (Equal Weight),123.94928145318000
2023-03-02,Magnificent 7 (Equal Weight),123.53382905142000
2023-03-03,Magnificent 7 (Equal Weight),127.60537508223900
2023-03-06,Magnificent 7 (Equal Weight),127.60098812707800
2023-03-07,Magnificent 7 (Equal Weight),125.9203108369090
2023-03-08,Magnificent 7 (Equal Weight),125.56155539264700
2023-03-09,Magnificent 7 (Equal Weight),122.95560962864400
2023-03-10,Magnificent 7 (Equal Weight),121.53771835737100
2023-03-13,Magnificent 7 (Equal Weight),123.04965920944600
2023-03-14,Magnificent 7 (Equal Weight),127.80914831580900
2023-03-15,Magnificent 7 (Equal Weight),129.0245724853110
2023-03-16,Magnificent 7 (Equal Weight),133.3317898567660
2023-03-17,Magnificent 7 (Equal Weight),131.9750570361790
2023-03-20,Magnificent 7 (Equal Weight),131.8674074530350
2023-03-21,Magnificent 7 (Equal Weight),135.5824179977870
2023-03-22,Magnificent 7 (Equal Weight),133.67528927950600
2023-03-23,Magnificent 7 (Equal Weight),135.578196301277
2023-03-24,Magnificent 7 (Equal Weight),135.95232374234400
2023-03-27,Magnificent 7 (Equal Weight),134.52617248082600
2023-03-28,Magnificent 7 (Equal Weight),133.38781033263700
2023-03-29,Magnificent 7 (Equal Weight),136.15427226541200
2023-03-30,Magnificent 7 (Equal Weight),137.51197824858800
2023-03-31,Magnificent 7 (Equal Weight),141.0376445524650
2023-04-03,Magnificent 7 (Equal Weight),139.5685743443670
2023-04-04,Magnificent 7 (Equal Weight),139.6012357306330
2023-04-05,Magnificent 7 (Equal Weight),137.2133161458450
2023-04-06,Magnificent 7 (Equal Weight),139.4201193599980
2023-04-10,Magnificent 7 (Equal Weight),138.39618387077600
2023-04-11,Magnificent 7 (Equal Weight),137.11155335045300
2023-04-12,Magnificent 7 (Equal Weight),135.87566824750500
2023-04-13,Magnificent 7 (Equal Weight),139.80731400363200
2023-04-14,Magnificent 7 (Equal Weight),139.56306833804700
2023-04-17,Magnificent 7 (Equal Weight),139.51727992264000
2023-04-18,Magnificent 7 (Equal Weight),138.98674203402700
2023-04-19,Magnificent 7 (Equal Weight),138.63608499922300
2023-04-20,Magnificent 7 (Equal Weight),135.59125884521800
2023-04-21,Magnificent 7 (Equal Weight),136.00832337699
2023-04-24,Magnificent 7 (Equal Weight),135.17262190435500
2023-04-25,Magnificent 7 (Equal Weight),132.42290945073000
2023-04-26,Magnificent 7 (Equal Weight),134.66317214745000
2023-04-27,Magnificent 7 (Equal Weight),142.14928163069800
2023-04-28,Magnificent 7 (Equal Weight),142.8441952376680
2023-05-01,Magnificent 7 (Equal Weight),142.35960146066900
2023-05-02,Magnificent 7 (Equal Weight),141.38193128310900
2023-05-03,Magnificent 7 (Equal Weight),140.83443378676500
2023-05-04,Magnificent 7 (Equal Weight),140.30063878255000
2023-05-05,Magnificent 7 (Equal Weight),143.4606918985440
2023-05-08,Magnificent 7 (Equal Weight),143.8483158714030
2023-05-09,Magnificent 7 (Equal Weight),143.06805597898000
2023-05-10,Magnificent 7 (Equal Weight),144.90896379055000
2023-05-11,Magnificent 7 (Equal Weight),146.28922243053800
2023-05-12,Magnificent 7 (Equal Weight),145.0889351197920
2023-05-15,Magnificent 7 (Equal Weight),145.59468298484500
2023-05-16,Magnificent 7 (Equal Weight),146.59761493321100
2023-05-17,Magnificent 7 (Equal Weight),149.0233682058020
2023-05-18,Magnificent 7 (Equal Weight),151.62721194842200
2023-05-19,Magnificent 7 (Equal Weight),151.57530503988500
2023-05-22,Magnificent 7 (Equal Weight),153.3979216120750
2023-05-23,Magnificent 7 (Equal Weight),151.332356188845
2023-05-24,Magnificent 7 (Equal Weight),151.13175327330700
2023-05-25,Magnificent 7 (Equal Weight),154.50709795467200
2023-05-26,Magnificent 7 (Equal Weight),158.93440662991400
2023-05-30,Magnificent 7 (Equal Weight),160.27733226186900
2023-05-31,Magnificent 7 (Equal Weight),160.01897953920900
2023-06-01,Magnificent 7 (Equal Weight),163.01646840704000
2023-06-02,Magnificent 7 (Equal Weight),164.56519500111300
2023-06-05,Magnificent 7 (Equal Weight),165.05738773375500
2023-06-06,Magnificent 7 (Equal Weight),165.43442166747100
2023-06-07,Magnificent 7 (Equal Weight),161.96031802414000
2023-06-08,Magnificent 7 (Equal Weight),164.46994962440700
2023-06-09,Magnificent 7 (Equal Weight),165.92560568484700
2023-06-12,Magnificent 7 (Equal Weight),169.07580972852600
2023-06-13,Magnificent 7 (Equal Weight),170.73231242423500
2023-06-14,Magnificent 7 (Equal Weight),171.41329281446200
2023-06-15,Magnificent 7 (Equal Weight),174.22700915889400
2023-06-16,Magnificent 7 (Equal Weight),173.44876988448400
2023-06-20,Magnificent 7 (Equal Weight),175.25966633278000
2023-06-21,Magnificent 7 (Equal Weight),171.74359581904200
2023-06-22,Magnificent 7 (Equal Weight),174.99469149493000
2023-06-23,Magnificent 7 (Equal Weight),173.51099932891700
2023-06-26,Magnificent 7 (Equal Weight),168.24194890380000
2023-06-27,Magnificent 7 (Equal Weight),172.01942525699200
2023-06-28,Magnificent 7 (Equal Weight),173.00300845772700
2023-06-29,Magnificent 7 (Equal Weight),172.30453173694100
2023-06-30,Magnificent 7 (Equal Weight),175.38151982339500
2023-07-03,Magnificent 7 (Equal Weight),177.08755548957600
2023-07-05,Magnificent 7 (Equal Weight),178.6174352417430
2023-07-06,Magnificent 7 (Equal Weight),177.50772242150800
2023-07-07,Magnificent 7 (Equal Weight),176.5490614022150
2023-07-10,Magnificent 7 (Equal Weight),174.67376998366300
2023-07-11,Magnificent 7 (Equal Weight),175.57475475309700
2023-07-12,Magnificent 7 (Equal Weight),178.76114357593600
2023-07-13,Magnificent 7 (Equal Weight),182.26010025688200
2023-07-14,Magnificent 7 (Equal Weight),182.56784324892300
2023-07-17,Magnificent 7 (Equal Weight),184.31446928393100
2023-07-18,Magnificent 7 (Equal Weight),186.5055694935940
2023-07-19,Magnificent 7 (Equal Weight),186.41264999754100
2023-07-20,Magnificent 7 (Equal Weight),178.5021312898180
2023-07-21,Magnificent 7 (Equal Weight),176.48865666828300
2023-07-24,Magnificent 7 (Equal Weight),177.66154291782600
2023-07-25,Magnificent 7 (Equal Weight),178.6582722725910
2023-07-26,Magnificent 7 (Equal Weight),178.2542344868920
2023-07-27,Magnificent 7 (Equal Weight),177.8575073123640
2023-07-28,Magnificent 7 (Equal Weight),183.31686312659200
2023-07-31,Magnificent 7 (Equal Weight),182.53895927330000
2023-08-01,Magnificent 7 (Equal Weight),181.75907574887200
2023-08-02,Magnificent 7 (Equal Weight),177.15167241337700
2023-08-03,Magnificent 7 (Equal Weight),177.52381086605400
2023-08-04,Magnificent 7 (Equal Weight),176.8311152557520
2023-08-07,Magnificent 7 (Equal Weight),178.0332179597470
2023-08-08,Magnificent 7 (Equal Weight),176.5095302579740
2023-08-09,Magnificent 7 (Equal Weight),173.14663833084000
2023-08-10,Magnificent 7 (Equal Weight),173.7534126830840
2023-08-11,Magnificent 7 (Equal Weight),172.41640743003100
2023-08-14,Magnificent 7 (Equal Weight),174.09674513083700
2023-08-15,Magnificent 7 (Equal Weight),171.6036124246440
2023-08-16,Magnificent 7 (Equal Weight),168.9378643606920
2023-08-17,Magnificent 7 (Equal Weight),166.16788026097700
2023-08-18,Magnificent 7 (Equal Weight),165.04751144525300
2023-08-21,Magnificent 7 (Equal Weight),169.55631715437900
2023-08-22,Magnificent 7 (Equal Weight),169.626569734671
2023-08-23,Magnificent 7 (Equal Weight),172.78463067479400
2023-08-24,Magnificent 7 (Equal Weight),168.66180052026500
2023-08-25,Magnificent 7 (Equal Weight),170.31351365739400
2023-08-28,Magnificent 7 (Equal Weight),171.47699683682700
2023-08-29,Magnificent 7 (Equal Weight),176.85238752580800
2023-08-30,Magnificent 7 (Equal Weight),177.1936289857670
2023-08-31,Magnificent 7 (Equal Weight),177.7706729634820
2023-09-01,Magnificent 7 (Equal Weight),176.30945793549200
2023-09-05,Magnificent 7 (Equal Weight),178.82531051867500
2023-09-06,Magnificent 7 (Equal Weight),176.56107722630400
2023-09-07,Magnificent 7 (Equal Weight),175.70296702390100
2023-09-08,Magnificent 7 (Equal Weight),175.95481581337400
2023-09-11,Magnificent 7 (Equal Weight),181.67266410906100
2023-09-12,Magnificent 7 (Equal Weight),178.48392929991700
2023-09-13,Magnificent 7 (Equal Weight),180.40513908504000
2023-09-14,Magnificent 7 (Equal Weight),182.56676146677700
2023-09-15,Magnificent 7 (Equal Weight),178.8701446511910
2023-09-18,Magnificent 7 (Equal Weight),178.27425432195100
2023-09-19,Magnificent 7 (Equal Weight),178.46002515099400
2023-09-20,Magnificent 7 (Equal Weight),174.8017164675570
2023-09-21,Magnificent 7 (Equal Weight),171.71301021873700
2023-09-22,Magnificent 7 (Equal Weight),170.56585528052800
2023-09-25,Magnificent 7 (Equal Weight),171.75655415686100
2023-09-26,Magnificent 7 (Equal Weight),168.89785901729600
2023-09-27,Magnificent 7 (Equal Weight),168.48726090450700
2023-09-28,Magnificent 7 (Equal Weight),170.48411109424000
2023-09-29,Magnificent 7 (Equal Weight),170.8455793303580
2023-10-02,Magnificent 7 (Equal Weight),173.84351346482100
2023-10-03,Magnificent 7 (Equal Weight),170.21175944368200
2023-10-04,Magnificent 7 (Equal Weight),174.26876810743800
2023-10-05,Magnificent 7 (Equal Weight),174.1624067571590
2023-10-06,Magnificent 7 (Equal Weight),177.62578280926500
2023-10-09,Magnificent 7 (Equal Weight),178.4869186670820
2023-10-10,Magnificent 7 (Equal Weight),179.36055974997900
2023-10-11,Magnificent 7 (Equal Weight),181.48183793452900
2023-10-12,Magnificent 7 (Equal Weight),180.32147799648000
2023-10-13,Magnificent 7 (Equal Weight),176.722429986346
2023-10-16,Magnificent 7 (Equal Weight),179.1702489666690
2023-10-17,Magnificent 7 (Equal Weight),179.04413013556800
2023-10-18,Magnificent 7 (Equal Weight),175.29053537373900
2023-10-19,Magnificent 7 (Equal Weight),171.9579715964910
2023-10-20,Magnificent 7 (Equal Weight),168.68530255615100
2023-10-23,Magnificent 7 (Equal Weight),170.22951469580700
2023-10-24,Magnificent 7 (Equal Weight),171.46306214893800
2023-10-25,Magnificent 7 (Equal Weight),167.4076805718390
2023-10-26,Magnificent 7 (Equal Weight),162.12647946765000
2023-10-27,Magnificent 7 (Equal Weight),164.86551606532600
2023-10-30,Magnificent 7 (Equal Weight),166.57284290666200
2023-10-31,Magnificent 7 (Equal Weight),166.95617530361100
2023-11-01,Magnificent 7 (Equal Weight),171.34439172628100
2023-11-02,Magnificent 7 (Equal Weight),174.0353748352340
2023-11-03,Magnificent 7 (Equal Weight),175.6138837843010
2023-11-06,Magnificent 7 (Equal Weight),176.86732945781700
2023-11-07,Magnificent 7 (Equal Weight),178.96220254650400
2023-11-08,Magnificent 7 (Equal Weight),179.65905021910800
2023-11-09,Magnificent 7 (Equal Weight),177.4735638997510
2023-11-10,Magnificent 7 (Equal Weight),181.6563785310500
2023-11-13,Magnificent 7 (Equal Weight),182.14108803814300
2023-11-14,Magnificent 7 (Equal Weight),186.34298979840700
2023-11-15,Magnificent 7 (Equal Weight),186.36741375198800
2023-11-16,Magnificent 7 (Equal Weight),186.73062480485600
2023-11-17,Magnificent 7 (Equal Weight),186.1993344254430
2023-11-20,Magnificent 7 (Equal Weight),188.56668617356200
2023-11-21,Magnificent 7 (Equal Weight),187.9934117603810
2023-11-22,Magnificent 7 (Equal Weight),188.75933705859700
2023-11-24,Magnificent 7 (Equal Weight),187.9316844668620
2023-11-27,Magnificent 7 (Equal Weight),187.83957606222900
2023-11-28,Magnificent 7 (Equal Weight),190.30798421082600
2023-11-29,Magnificent 7 (Equal Weight),188.157558225269
2023-11-30,Magnificent 7 (Equal Weight),186.5522450095920
2023-12-01,Magnificent 7 (Equal Weight),185.73549703689500
2023-12-04,Magnificent 7 (Equal Weight),183.020334674856
2023-12-05,Magnificent 7 (Equal Weight),184.75723153588800
2023-12-06,Magnificent 7 (Equal Weight),183.55838692825800
2023-12-07,Magnificent 7 (Equal Weight),186.99317568570200
2023-12-08,Magnificent 7 (Equal Weight),188.4719498131150
2023-12-11,Magnificent 7 (Equal Weight),185.77053236122600
2023-12-12,Magnificent 7 (Equal Weight),187.38516969555100
2023-12-13,Magnificent 7 (Equal Weight),188.39391585516900
2023-12-14,Magnificent 7 (Equal Weight),188.42585049567700
2023-12-15,Magnificent 7 (Equal Weight),189.98504428826400
2023-12-18,Magnificent 7 (Equal Weight),192.1591547317190
2023-12-19,Magnificent 7 (Equal Weight),193.7759978031680
2023-12-20,Magnificent 7 (Equal Weight),191.54839357582400
2023-12-21,Magnificent 7 (Equal Weight),194.05941197568800
2023-12-22,Magnificent 7 (Equal Weight),193.77427362092500
2023-12-26,Magnificent 7 (Equal Weight),194.48178170245300
2023-12-27,Magnificent 7 (Equal Weight),195.28587341249100
2023-12-28,Magnificent 7 (Equal Weight),194.49543098816200
2023-12-29,Magnificent 7 (Equal Weight),193.04270054525900
2024-01-02,Magnificent 7 (Equal Weight),189.89635384444800
2024-01-03,Magnificent 7 (Equal Weight),188.00206552717300
2024-01-04,Magnificent 7 (Equal Weight),186.86964459911000
2024-01-05,Magnificent 7 (Equal Weight),187.45623042497200
2024-01-08,Magnificent 7 (Equal Weight),191.42959369238400
2024-01-09,Magnificent 7 (Equal Weight),191.3277168832340
2024-01-10,Magnificent 7 (Equal Weight),194.50908174501500
2024-01-11,Magnificent 7 (Equal Weight),193.92371402742700
2024-01-12,Magnificent 7 (Equal Weight),193.9835043130230
2024-01-16,Magnificent 7 (Equal Weight),193.15954037283300
2024-01-17,Magnificent 7 (Equal Weight),192.13411829132800
2024-01-18,Magnificent 7 (Equal Weight),194.59095490170400
2024-01-19,Magnificent 7 (Equal Weight),197.4602236526230
2024-01-22,Magnificent 7 (Equal Weight),196.73337834743600
2024-01-23,Magnificent 7 (Equal Weight),198.0026265729370
2024-01-24,Magnificent 7 (Equal Weight),199.4264259635680
2024-01-25,Magnificent 7 (Equal Weight),197.30496829929600
2024-01-26,Magnificent 7 (Equal Weight),197.30707203701600
2024-01-29,Magnificent 7 (Equal Weight),200.44671865193800
2024-01-30,Magnificent 7 (Equal Weight),199.28333158732900
2024-01-31,Magnificent 7 (Equal Weight),193.5060078311320
2024-02-01,Magnificent 7 (Equal Weight),196.25177687989200
2024-02-02,Magnificent 7 (Equal Weight),209.36032157156100
2024-02-05,Magnificent 7 (Equal Weight),206.39744188631700
2024-02-06,Magnificent 7 (Equal Weight),206.26563413650200
2024-02-07,Magnificent 7 (Equal Weight),210.1847945280110
2024-02-08,Magnificent 7 (Equal Weight),210.26017895334600
2024-02-09,Magnificent 7 (Equal Weight),212.7553952916070
2024-02-12,Magnificent 7 (Equal Weight),210.826060861603
2024-02-13,Magnificent 7 (Equal Weight),206.9783579183530
2024-02-14,Magnificent 7 (Equal Weight),210.27720402704000
2024-02-15,Magnificent 7 (Equal Weight),212.03507157335000
2024-02-16,Magnificent 7 (Equal Weight),209.7572463699360
2024-02-20,Magnificent 7 (Equal Weight),207.8622200281240
2024-02-21,Magnificent 7 (Equal Weight),207.72199928895600
2024-02-22,Magnificent 7 (Equal Weight),214.22790675365500
2024-02-23,Magnificent 7 (Equal Weight),212.929828984905
2024-02-26,Magnificent 7 (Equal Weight),212.24945176423400
2024-02-27,Magnificent 7 (Equal Weight),213.11486963551700
2024-02-28,Magnificent 7 (Equal Weight),212.3990593909140
2024-02-29,Magnificent 7 (Equal Weight),214.74026937817200
2024-03-01,Magnificent 7 (Equal Weight),216.9176016297430
2024-03-04,Magnificent 7 (Equal Weight),213.68683325827300
2024-03-05,Magnificent 7 (Equal Weight),209.08651299681600
2024-03-06,Magnificent 7 (Equal Weight),209.20978320031500
2024-03-07,Magnificent 7 (Equal Weight),213.735460493647
2024-03-08,Magnificent 7 (Equal Weight),211.64388326072000
2024-03-11,Magnificent 7 (Equal Weight),208.76565621594000
2024-03-12,Magnificent 7 (Equal Weight),213.56525977563900
2024-03-13,Magnificent 7 (Equal Weight),211.88730778206100
2024-03-14,Magnificent 7 (Equal Weight),212.36014661806300
2024-03-15,Magnificent 7 (Equal Weight),209.52839893658000
2024-03-18,Magnificent 7 (Equal Weight),213.66224747871300
2024-03-19,Magnificent 7 (Equal Weight),214.2894535866890
2024-03-20,Magnificent 7 (Equal Weight),217.48195746998500
2024-03-21,Magnificent 7 (Equal Weight),216.98895021325200
2024-03-22,Magnificent 7 (Equal Weight),217.86597640138800
2024-03-25,Magnificent 7 (Equal Weight),216.44008945563600
2024-03-26,Magnificent 7 (Equal Weight),215.4588669526580
2024-03-27,Magnificent 7 (Equal Weight),215.8332871516320
2024-03-28,Magnificent 7 (Equal Weight),214.02347640853600
2024-04-01,Magnificent 7 (Equal Weight),215.65076804399300
2024-04-02,Magnificent 7 (Equal Weight),214.49576013239400
2024-04-03,Magnificent 7 (Equal Weight),216.10115131877000
2024-04-04,Magnificent 7 (Equal Weight),215.29142021857400
2024-04-05,Magnificent 7 (Equal Weight),218.8330955251540
2024-04-08,Magnificent 7 (Equal Weight),218.7779913275890
2024-04-09,Magnificent 7 (Equal Weight),219.40533964627300
2024-04-10,Magnificent 7 (Equal Weight),218.69145169814000
2024-04-11,Magnificent 7 (Equal Weight),222.2763757330290
2024-04-12,Magnificent 7 (Equal Weight),218.90515418144200
2024-04-15,Magnificent 7 (Equal Weight),213.67217182462700
2024-04-16,Magnificent 7 (Equal Weight),212.83190759497300
2024-04-17,Magnificent 7 (Equal Weight),210.81996345488800
2024-04-18,Magnificent 7 (Equal Weight),209.88904921593400
2024-04-19,Magnificent 7 (Equal Weight),204.0302249931800
2024-04-22,Magnificent 7 (Equal Weight),204.85264913466600
2024-04-23,Magnificent 7 (Equal Weight),208.92558637851700
2024-04-24,Magnificent 7 (Equal Weight),210.67466922610600
2024-04-25,Magnificent 7 (Equal Weight),203.48758325695300
2024-04-26,Magnificent 7 (Equal Weight),207.7943894433090
2024-04-29,Magnificent 7 (Equal Weight),209.19484519136000
2024-04-30,Magnificent 7 (Equal Weight),204.08279195555600
2024-05-01,Magnificent 7 (Equal Weight),205.61427378490900
2024-05-02,Magnificent 7 (Equal Weight),208.22329497807600
2024-05-03,Magnificent 7 (Equal Weight),212.78132569793300
2024-05-06,Magnificent 7 (Equal Weight),216.51558961106400
2024-05-07,Magnificent 7 (Equal Weight),215.7106730789180
2024-05-08,Magnificent 7 (Equal Weight),215.712040263245
2024-05-09,Magnificent 7 (Equal Weight),216.23135355872700
2024-05-10,Magnificent 7 (Equal Weight),215.74452413131600
2024-05-13,Magnificent 7 (Equal Weight),215.4321823391960
2024-05-14,Magnificent 7 (Equal Weight),217.49858435369600
2024-05-15,Magnificent 7 (Equal Weight),220.05575748413600
2024-05-16,Magnificent 7 (Equal Weight),218.72683568389700
2024-05-17,Magnificent 7 (Equal Weight),218.93548135056400
2024-05-20,Magnificent 7 (Equal Weight),219.278051254691
2024-05-21,Magnificent 7 (Equal Weight),221.02131327087400
2024-05-22,Magnificent 7 (Equal Weight),220.346624478536
2024-05-23,Magnificent 7 (Equal Weight),218.81953843121600
2024-05-24,Magnificent 7 (Equal Weight),222.40351014474100
2024-05-28,Magnificent 7 (Equal Weight),223.6374126342610
2024-05-29,Magnificent 7 (Equal Weight),222.78459463173500
2024-05-30,Magnificent 7 (Equal Weight),219.08156411320400
2024-05-31,Magnificent 7 (Equal Weight),218.7113778702850
2024-06-03,Magnificent 7 (Equal Weight),220.88667209529100
2024-06-04,Magnificent 7 (Equal Weight),221.3847077265170
2024-06-05,Magnificent 7 (Equal Weight),226.15640366066300
2024-06-06,Magnificent 7 (Equal Weight),226.71687861971300
2024-06-07,Magnificent 7 (Equal Weight),226.38403788956200
2024-06-10,Magnificent 7 (Equal Weight),227.73885969245800
2024-06-11,Magnificent 7 (Equal Weight),230.47808410634500
2024-06-12,Magnificent 7 (Equal Weight),233.98390466068600
2024-06-13,Magnificent 7 (Equal Weight),234.0962305242250
2024-06-14,Magnificent 7 (Equal Weight),233.97517880777600
2024-06-17,Magnificent 7 (Equal Weight),236.76796762052400
2024-06-18,Magnificent 7 (Equal Weight),235.11586561066500
2024-06-20,Magnificent 7 (Equal Weight),234.26668133692700
2024-06-21,Magnificent 7 (Equal Weight),234.07260687366400
2024-06-24,Magnificent 7 (Equal Weight),232.7700872269980
2024-06-25,Magnificent 7 (Equal Weight),237.1548386122020
2024-06-26,Magnificent 7 (Equal Weight),240.27976102461400
2024-06-27,Magnificent 7 (Equal Weight),241.8663833397820
2024-06-28,Magnificent 7 (Equal Weight),237.70139359481700
2024-07-01,Magnificent 7 (Equal Weight),242.03910854305400
2024-07-02,Magnificent 7 (Equal Weight),246.6188621937980
2024-07-03,Magnificent 7 (Equal Weight),249.46079706581500
2024-07-05,Magnificent 7 (Equal Weight),256.03535111056400
2024-07-08,Magnificent 7 (Equal Weight),254.89587653136800
2024-07-09,Magnificent 7 (Equal Weight),255.8567697684000
2024-07-10,Magnificent 7 (Equal Weight),258.77146160032100
2024-07-11,Magnificent 7 (Equal Weight),248.6480167718800
2024-07-12,Magnificent 7 (Equal Weight),248.1365446806260
2024-07-15,Magnificent 7 (Equal Weight),248.7577661696900
2024-07-16,Magnificent 7 (Equal Weight),247.3730281375800
2024-07-17,Magnificent 7 (Equal Weight),239.1560463341910
2024-07-18,Magnificent 7 (Equal Weight),239.45915816095800
2024-07-19,Magnificent 7 (Equal Weight),237.40270991527700
2024-07-22,Magnificent 7 (Equal Weight),242.1988592259090
2024-07-23,Magnificent 7 (Equal Weight),242.47088477260200
2024-07-24,Magnificent 7 (Equal Weight),229.24017617866800
2024-07-25,Magnificent 7 (Equal Weight),226.24969094303000
2024-07-26,Magnificent 7 (Equal Weight),229.10374609045000
2024-07-29,Magnificent 7 (Equal Weight),231.13201209679600
2024-07-30,Magnificent 7 (Equal Weight),228.0734638353930
2024-07-31,Magnificent 7 (Equal Weight),233.16134909689000
2024-08-01,Magnificent 7 (Equal Weight),232.02915766748700
2024-08-02,Magnificent 7 (Equal Weight),225.86242470365900
2024-08-05,Magnificent 7 (Equal Weight),217.3877198277810
2024-08-06,Magnificent 7 (Equal Weight),220.75360798742400
2024-08-07,Magnificent 7 (Equal Weight),218.63573452338400
2024-08-08,Magnificent 7 (Equal Weight),224.74764084571800
2024-08-09,Magnificent 7 (Equal Weight),227.0642218998220
2024-08-12,Magnificent 7 (Equal Weight),227.16015920518200
2024-08-13,Magnificent 7 (Equal Weight),233.08949247788500
2024-08-14,Magnificent 7 (Equal Weight),232.2004578213850
2024-08-15,Magnificent 7 (Equal Weight),237.9000138969290
2024-08-16,Magnificent 7 (Equal Weight),237.09487080841200
2024-08-19,Magnificent 7 (Equal Weight),239.8704952790480
2024-08-20,Magnificent 7 (Equal Weight),239.62812802076700
2024-08-21,Magnificent 7 (Equal Weight),241.03697420060900
2024-08-22,Magnificent 7 (Equal Weight),236.28407557981300
2024-08-23,Magnificent 7 (Equal Weight),238.54901845458100
2024-08-26,Magnificent 7 (Equal Weight),235.87450873985100
2024-08-27,Magnificent 7 (Equal Weight),234.99625561656900
2024-08-28,Magnificent 7 (Equal Weight),232.7671576864060
2024-08-29,Magnificent 7 (Equal Weight),232.7647342197840
2024-08-30,Magnificent 7 (Equal Weight),235.83126981917700
2024-09-03,Magnificent 7 (Equal Weight),229.86062384532600
2024-09-04,Magnificent 7 (Equal Weight),230.08272068347200
2024-09-05,Magnificent 7 (Equal Weight),232.93968281392300
2024-09-06,Magnificent 7 (Equal Weight),225.0590666047240
2024-09-09,Magnificent 7 (Equal Weight),227.59938433355500
2024-09-10,Magnificent 7 (Equal Weight),230.58627310941800
2024-09-11,Magnificent 7 (Equal Weight),235.28227960077800
2024-09-12,Magnificent 7 (Equal Weight),238.83801415221100
2024-09-13,Magnificent 7 (Equal Weight),239.48076045793400
2024-09-16,Magnificent 7 (Equal Weight),239.08186628644000
2024-09-17,Magnificent 7 (Equal Weight),240.42099489248300
2024-09-18,Magnificent 7 (Equal Weight),240.20913428304500
2024-09-19,Magnificent 7 (Equal Weight),248.436780908795
2024-09-20,Magnificent 7 (Equal Weight),247.642678275062
2024-09-23,Magnificent 7 (Equal Weight),249.2038046621370
2024-09-24,Magnificent 7 (Equal Weight),249.83569293508800
2024-09-25,Magnificent 7 (Equal Weight),251.12702599321000
2024-09-26,Magnificent 7 (Equal Weight),250.80268554036200
2024-09-27,Magnificent 7 (Equal Weight),250.56563107799100
2024-09-30,Magnificent 7 (Equal Weight),252.36089415600700
2024-10-01,Magnificent 7 (Equal Weight),249.74246155624100
2024-10-02,Magnificent 7 (Equal Weight),247.7815279068480
2024-10-03,Magnificent 7 (Equal Weight),247.92027553923000
2024-10-04,Magnificent 7 (Equal Weight),251.9067525954770
2024-10-07,Magnificent 7 (Equal Weight),246.9075970083360
2024-10-08,Magnificent 7 (Equal Weight),250.68903858838000
2024-10-09,Magnificent 7 (Equal Weight),250.73426747820700
2024-10-10,Magnificent 7 (Equal Weight),249.81092767580700
2024-10-11,Magnificent 7 (Equal Weight),248.1962947549180
2024-10-14,Magnificent 7 (Equal Weight),249.74567944130300
2024-10-15,Magnificent 7 (Equal Weight),248.79338357716100
2024-10-16,Magnificent 7 (Equal Weight),247.59476111246600
2024-10-17,Magnificent 7 (Equal Weight),247.63221450922000
2024-10-18,Magnificent 7 (Equal Weight),248.48446268815000
2024-10-21,Magnificent 7 (Equal Weight),249.17420227724600
2024-10-22,Magnificent 7 (Equal Weight),251.17395356542800
2024-10-23,Magnificent 7 (Equal Weight),245.78697466524600
2024-10-24,Magnificent 7 (Equal Weight),252.6396438172950
2024-10-25,Magnificent 7 (Equal Weight),255.66118787162900
2024-10-28,Magnificent 7 (Equal Weight),255.61386799400800
2024-10-29,Magnificent 7 (Equal Weight),258.670556727805
2024-10-30,Magnificent 7 (Equal Weight),258.45570871272900
2024-10-31,Magnificent 7 (Equal Weight),248.4042950791970
2024-11-01,Magnificent 7 (Equal Weight),250.21159310619200
2024-11-04,Magnificent 7 (Equal Weight),247.77837769446800
2024-11-05,Magnificent 7 (Equal Weight),251.99406016275000
2024-11-06,Magnificent 7 (Equal Weight),260.3052148779530
2024-11-07,Magnificent 7 (Equal Weight),266.52107820883300
2024-11-08,Magnificent 7 (Equal Weight),268.232904793133
2024-11-11,Magnificent 7 (Equal Weight),269.99477777760000
2024-11-12,Magnificent 7 (Equal Weight),268.89845286959900
2024-11-13,Magnificent 7 (Equal Weight),268.95289701332500
2024-11-14,Magnificent 7 (Equal Weight),266.05452900919200
2024-11-15,Magnificent 7 (Equal Weight),260.2469418335010
2024-11-18,Magnificent 7 (Equal Weight),263.09516339958900
2024-11-19,Magnificent 7 (Equal Weight),266.79416984545600
2024-11-20,Magnificent 7 (Equal Weight),266.01052411222000
2024-11-21,Magnificent 7 (Equal Weight),263.5551238299990
2024-11-22,Magnificent 7 (Equal Weight),264.2737037507420
2024-11-25,Magnificent 7 (Equal Weight),264.019648733764
2024-11-26,Magnificent 7 (Equal Weight),267.6357335867550
2024-11-27,Magnificent 7 (Equal Weight),265.27693066373200
2024-11-29,Magnificent 7 (Equal Weight),268.4920087806380
2024-12-02,Magnificent 7 (Equal Weight),274.3829000469730
2024-12-03,Magnificent 7 (Equal Weight),277.2829353490650
2024-12-04,Magnificent 7 (Equal Weight),280.59796895941400
2024-12-05,Magnificent 7 (Equal Weight),282.2067271069040
2024-12-06,Magnificent 7 (Equal Weight),287.5015868140540
2024-12-09,Magnificent 7 (Equal Weight),286.60357620995100
2024-12-10,Magnificent 7 (Equal Weight),289.2075170481590
2024-12-11,Magnificent 7 (Equal Weight),297.06172227691400
2024-12-12,Magnificent 7 (Equal Weight),295.3631575767370
2024-12-13,Magnificent 7 (Equal Weight),295.22000141239800
2024-12-16,Magnificent 7 (Equal Weight),301.4409882518310
2024-12-17,Magnificent 7 (Equal Weight),303.0740359883030
2024-12-18,Magnificent 7 (Equal Weight),289.78376268438000
2024-12-19,Magnificent 7 (Equal Weight),289.84132761758100
2024-12-20,Magnificent 7 (Equal Weight),288.21975089107100
2024-12-23,Magnificent 7 (Equal Weight),292.31548598261200
2024-12-24,Magnificent 7 (Equal Weight),299.0699963999610
2024-12-26,Magnificent 7 (Equal Weight),297.0475345520410
2024-12-27,Magnificent 7 (Equal Weight),291.1353744483220
2024-12-30,Magnificent 7 (Equal Weight),286.5951887204510
2024-12-31,Magnificent 7 (Equal Weight),282.55778355764600
2025-01-02,Magnificent 7 (Equal Weight),280.5880769786960
2025-01-03,Magnificent 7 (Equal Weight),287.4354186233820
2025-01-06,Magnificent 7 (Equal Weight),293.30536274276300
2025-01-07,Magnificent 7 (Equal Weight),286.4469149321390
2025-01-08,Magnificent 7 (Equal Weight),285.74547091136600
2025-01-10,Magnificent 7 (Equal Weight),283.71984315885000
2025-01-13,Magnificent 7 (Equal Weight),282.77955576307200
2025-01-14,Magnificent 7 (Equal Weight),279.2911584724100
2025-01-15,Magnificent 7 (Equal Weight),290.3141144731180
2025-01-16,Magnificent 7 (Equal Weight),285.23877121533100
2025-01-17,Magnificent 7 (Equal Weight),289.4520488514970
2025-01-21,Magnificent 7 (Equal Weight),289.8828335291400
2025-01-22,Magnificent 7 (Equal Weight),293.440627683936
2025-01-23,Magnificent 7 (Equal Weight),294.8158680022570
2025-01-24,Magnificent 7 (Equal Weight),294.6566528162750
2025-01-27,Magnificent 7 (Equal Weight),290.61391033847300
2025-01-28,Magnificent 7 (Equal Weight),297.43252934313200
2025-01-29,Magnificent 7 (Equal Weight),295.2685678404340
2025-01-30,Magnificent 7 (Equal Weight),294.84765748976600
2025-01-31,Magnificent 7 (Equal Weight),295.6938180696150
2025-02-03,Magnificent 7 (Equal Weight),291.686490962002
2025-02-04,Magnificent 7 (Equal Weight),295.95627822983700
2025-02-05,Magnificent 7 (Equal Weight),292.42253828078100
2025-02-06,Magnificent 7 (Equal Weight),294.1309282697570
2025-02-07,Magnificent 7 (Equal Weight),289.4354661021430
2025-02-10,Magnificent 7 (Equal Weight),289.89179574605500
2025-02-11,Magnificent 7 (Equal Weight),287.5839454486790
2025-02-12,Magnificent 7 (Equal Weight),288.64268946067000
2025-02-13,Magnificent 7 (Equal Weight),293.37934565704900
2025-02-14,Magnificent 7 (Equal Weight),294.65433429134800
2025-02-18,Magnificent 7 (Equal Weight),291.58885791654100
2025-02-19,Magnificent 7 (Equal Weight),291.67572021718300
2025-02-20,Magnificent 7 (Equal Weight),289.68162793442800
2025-02-21,Magnificent 7 (Equal Weight),282.88343431053700
2025-02-24,Magnificent 7 (Equal Weight),278.54811634830800
2025-02-25,Magnificent 7 (Equal Weight),271.88414511398400
2025-02-26,Magnificent 7 (Equal Weight),272.24961388444100
2025-02-27,Magnificent 7 (Equal Weight),265.12289390906100
2025-02-28,Magnificent 7 (Equal Weight),270.26629430803300
2025-03-03,Magnificent 7 (Equal Weight),263.1859703310510
2025-03-04,Magnificent 7 (Equal Weight),259.97330685389600
2025-03-05,Magnificent 7 (Equal Weight),265.579256898932
2025-03-06,Magnificent 7 (Equal Weight),257.3910536390890
2025-03-07,Magnificent 7 (Equal Weight),257.3005782056920
2025-03-10,Magnificent 7 (Equal Weight),243.03810640380800
2025-03-11,Magnificent 7 (Equal Weight),244.5558516595000
2025-03-12,Magnificent 7 (Equal Weight),250.03705545196200
2025-03-13,Magnificent 7 (Equal Weight),242.6435256302120
2025-03-14,Magnificent 7 (Equal Weight),249.47831154049900
2025-03-17,Magnificent 7 (Equal Weight),246.96311901115500
2025-03-18,Magnificent 7 (Equal Weight),240.24026567824100
2025-03-19,Magnificent 7 (Equal Weight),243.72256752371600
2025-03-20,Magnificent 7 (Equal Weight),243.66580583582600
2025-03-21,Magnificent 7 (Equal Weight),247.88934029673500
2025-03-24,Magnificent 7 (Equal Weight),257.01014568952600
2025-03-25,Magnificent 7 (Equal Weight),260.4658443249090
2025-03-26,Magnificent 7 (Equal Weight),253.29782145601500
2025-03-27,Magnificent 7 (Equal Weight),252.10065836741600
2025-03-28,Magnificent 7 (Equal Weight),242.93206331128500
2025-03-31,Magnificent 7 (Equal Weight),241.98257341153400
2025-04-01,Magnificent 7 (Equal Weight),246.20556943327700
2025-04-02,Magnificent 7 (Equal Weight),248.38590282117600
2025-04-03,Magnificent 7 (Equal Weight),231.69341289659600
2025-04-04,Magnificent 7 (Equal Weight),218.49534999671100
2025-04-07,Magnificent 7 (Equal Weight),219.16826556863100
2025-04-08,Magnificent 7 (Equal Weight),214.3477786116070
2025-04-09,Magnificent 7 (Equal Weight),245.20996011043600
2025-04-10,Magnificent 7 (Equal Weight),232.4535664015810
2025-04-11,Magnificent 7 (Equal Weight),235.44625247052500
2025-04-14,Magnificent 7 (Equal Weight),234.2432773773920
2025-04-15,Magnificent 7 (Equal Weight),232.3885976846750
2025-04-16,Magnificent 7 (Equal Weight),223.44494662314800
2025-04-17,Magnificent 7 (Equal Weight),222.2876486287630
2025-04-21,Magnificent 7 (Equal Weight),215.0324299996350
2025-04-22,Magnificent 7 (Equal Weight),221.70623436886700
2025-04-23,Magnificent 7 (Equal Weight),229.44699664445000
2025-04-24,Magnificent 7 (Equal Weight),236.10731649624300
2025-04-25,Magnificent 7 (Equal Weight),243.13596600563800
2025-04-28,Magnificent 7 (Equal Weight),242.96245521079900
2025-04-29,Magnificent 7 (Equal Weight),244.80139266848600
2025-04-30,Magnificent 7 (Equal Weight),242.58643930960200
2025-05-01,Magnificent 7 (Equal Weight),250.72336825336900
2025-05-02,Magnificent 7 (Equal Weight),255.70374516166700
2025-05-05,Magnificent 7 (Equal Weight),253.85438807249600
2025-05-06,Magnificent 7 (Equal Weight),250.93961287567700
2025-05-07,Magnificent 7 (Equal Weight),251.39445666287800
2025-05-08,Magnificent 7 (Equal Weight),254.2742843136990
2025-05-09,Magnificent 7 (Equal Weight),255.33543021551600
2025-05-12,Magnificent 7 (Equal Weight),270.45131730490200
2025-05-13,Magnificent 7 (Equal Weight),276.2372609915500
2025-05-14,Magnificent 7 (Equal Weight),280.1237580352670
2025-05-15,Magnificent 7 (Equal Weight),276.63022546688900
2025-05-16,Magnificent 7 (Equal Weight),277.6312162390860
2025-05-19,Magnificent 7 (Equal Weight),277.039641269271
2025-05-20,Magnificent 7 (Equal Weight),275.7485916518030
2025-05-21,Magnificent 7 (Equal Weight),272.90795531066700
2025-05-22,Magnificent 7 (Equal Weight),274.753559998666
2025-05-23,Magnificent 7 (Equal Weight),271.1564744963070
2025-05-27,Magnificent 7 (Equal Weight),279.87875350391900
2025-05-28,Magnificent 7 (Equal Weight),278.5457664389490
2025-05-29,Magnificent 7 (Equal Weight),279.66476856072700
2025-05-30,Magnificent 7 (Equal Weight),278.14393782304600
2025-06-02,Magnificent 7 (Equal Weight),281.1320084189330
2025-06-03,Magnificent 7 (Equal Weight),281.15186691839500
2025-06-04,Magnificent 7 (Equal Weight),282.87230656780200
2025-06-05,Magnificent 7 (Equal Weight),276.42496931889800
2025-06-06,Magnificent 7 (Equal Weight),281.8669102059370
2025-06-09,Magnificent 7 (Equal Weight),284.0046608039470
2025-06-10,Magnificent 7 (Equal Weight),287.8225455943350
2025-06-11,Magnificent 7 (Equal Weight),285.65328698794200
2025-06-12,Magnificent 7 (Equal Weight),285.5388358098860
2025-06-13,Magnificent 7 (Equal Weight),283.46733578668400
2025-06-16,Magnificent 7 (Equal Weight),288.4205053345710
2025-06-17,Magnificent 7 (Equal Weight),285.30877026825600
2025-06-18,Magnificent 7 (Equal Weight),285.7977201063660
2025-06-20,Magnificent 7 (Equal Weight),282.8597939869970
2025-06-23,Magnificent 7 (Equal Weight),289.2113832178980
2025-06-24,Magnificent 7 (Equal Weight),291.51980039658100
2025-06-25,Magnificent 7 (Equal Weight),291.07093828600100
2025-06-26,Magnificent 7 (Equal Weight),294.789738500939
2025-06-27,Magnificent 7 (Equal Weight),297.0850683714020
2025-06-30,Magnificent 7 (Equal Weight),296.83636440011100
2025-07-01,Magnificent 7 (Equal Weight),291.37122257158200
2025-07-02,Magnificent 7 (Equal Weight),293.83357646705800
2025-07-03,Magnificent 7 (Equal Weight),296.4606319395670
2025-07-07,Magnificent 7 (Equal Weight),292.53269371468200
2025-07-08,Magnificent 7 (Equal Weight),292.5807982031080
2025-07-09,Magnificent 7 (Equal Weight),295.985228406997
2025-07-10,Magnificent 7 (Equal Weight),297.22409159832900
2025-07-11,Magnificent 7 (Equal Weight),297.30771149482100
2025-07-14,Magnificent 7 (Equal Weight),297.9701073973800
2025-07-15,Magnificent 7 (Equal Weight),297.2457998177630
2025-07-16,Magnificent 7 (Equal Weight),297.59835879819600
2025-07-17,Magnificent 7 (Equal Weight),298.25260259449500
2025-07-18,Magnificent 7 (Equal Weight),300.27857753729200
2025-07-21,Magnificent 7 (Equal Weight),302.33626841033500
2025-07-22,Magnificent 7 (Equal Weight),300.75090931856200
2025-07-23,Magnificent 7 (Equal Weight),302.4250628150830
2025-07-24,Magnificent 7 (Equal Weight),300.8053907313010
2025-07-25,Magnificent 7 (Equal Weight),302.2914906717210
2025-07-28,Magnificent 7 (Equal Weight),304.53352977634000
2025-07-29,Magnificent 7 (Equal Weight),301.3756399794490
2025-07-30,Magnificent 7 (Equal Weight),300.7617702936240
2025-07-31,Magnificent 7 (Equal Weight),311.5617595189560
2025-08-01,Magnificent 7 (Equal Weight),302.5802352938940
2025-08-04,Magnificent 7 (Equal Weight),309.5880573094840
2025-08-05,Magnificent 7 (Equal Weight),306.7930637403740
2025-08-06,Magnificent 7 (Equal Weight),311.72440541568
2025-08-07,Magnificent 7 (Equal Weight),311.4013046479040
2025-08-08,Magnificent 7 (Equal Weight),315.4797841863250
2025-08-11,Magnificent 7 (Equal Weight),315.650182037798
2025-08-12,Magnificent 7 (Equal Weight),320.72059793973300
2025-08-13,Magnificent 7 (Equal Weight),318.6399983927250
2025-08-14,Magnificent 7 (Equal Weight),319.5940282467440
2025-08-15,Magnificent 7 (Equal Weight),318.82611788319300
2025-08-18,Magnificent 7 (Equal Weight),316.8482062367550
2025-08-19,Magnificent 7 (Equal Weight),311.5594880706770
2025-08-20,Magnificent 7 (Equal Weight),308.41810844664000
2025-08-21,Magnificent 7 (Equal Weight),306.35971730845400
2025-08-22,Magnificent 7 (Equal Weight),313.77134319764700
2025-08-25,Magnificent 7 (Equal Weight),314.3954422468360
2025-08-26,Magnificent 7 (Equal Weight),315.31877812618300
2025-08-27,Magnificent 7 (Equal Weight),315.0185213019800
2025-08-28,Magnificent 7 (Equal Weight),316.33956462897800
2025-08-29,Magnificent 7 (Equal Weight),311.8150279636030
2025-09-02,Magnificent 7 (Equal Weight),309.1539301898130
2025-09-03,Magnificent 7 (Equal Weight),313.7075288393880
2025-09-04,Magnificent 7 (Equal Weight),317.8628668906940
2025-09-05,Magnificent 7 (Equal Weight),317.5774333261150
2025-09-08,Magnificent 7 (Equal Weight),317.68615096071700
2025-09-09,Magnificent 7 (Equal Weight),320.3964987547070
2025-09-10,Magnificent 7 (Equal Weight),317.7885309015460
2025-09-11,Magnificent 7 (Equal Weight),320.93627764226200
2025-09-12,Magnificent 7 (Equal Weight),326.5933195813620
2025-09-15,Magnificent 7 (Equal Weight),332.4167951258450
2025-09-16,Magnificent 7 (Equal Weight),335.02775823075200
2025-09-17,Magnificent 7 (Equal Weight),334.273107789798
2025-09-18,Magnificent 7 (Equal Weight),334.388935959816
2025-09-19,Magnificent 7 (Equal Weight),337.96213987081300
2025-09-22,Magnificent 7 (Equal Weight),338.40451913462
2025-09-23,Magnificent 7 (Equal Weight),333.5262073420650
2025-09-24,Magnificent 7 (Equal Weight),335.39279448450400
2025-09-25,Magnificent 7 (Equal Weight),331.22793321955800
2025-09-26,Magnificent 7 (Equal Weight),333.50882232816400
2025-09-29,Magnificent 7 (Equal Weight),334.5533119233640
2025-09-30,Magnificent 7 (Equal Weight),334.19512139888200
2025-10-01,Magnificent 7 (Equal Weight),334.6830885119600
2025-10-02,Magnificent 7 (Equal Weight),333.16436053123400
2025-10-03,Magnificent 7 (Equal Weight),329.99250858507700
2025-10-06,Magnificent 7 (Equal Weight),335.4919516364530
2025-10-07,Magnificent 7 (Equal Weight),331.4013145536150
2025-10-08,Magnificent 7 (Equal Weight),333.866516586312
2025-10-09,Magnificent 7 (Equal Weight),335.0168521405700
2025-10-10,Magnificent 7 (Equal Weight),322.65282562207800
2025-10-13,Magnificent 7 (Equal Weight),329.68736167403500
2025-10-14,Magnificent 7 (Equal Weight),326.50583939971100
2025-10-15,Magnificent 7 (Equal Weight),329.1795242923330
2025-10-16,Magnificent 7 (Equal Weight),327.3444981195060
2025-10-17,Magnificent 7 (Equal Weight),330.4337795861230
2025-10-20,Magnificent 7 (Equal Weight),335.91315621617300
2025-10-21,Magnificent 7 (Equal Weight),335.3536992896410
2025-10-22,Magnificent 7 (Equal Weight),334.24029340442600
2025-10-23,Magnificent 7 (Equal Weight),336.5746282395090
2025-10-24,Magnificent 7 (Equal Weight),337.788301500962
2025-10-27,Magnificent 7 (Equal Weight),345.8072181143840
2025-10-28,Magnificent 7 (Equal Weight),349.5981848695960
2025-10-29,Magnificent 7 (Equal Weight),351.5946152925480
2025-10-30,Magnificent 7 (Equal Weight),335.4805139724500
2025-10-31,Magnificent 7 (Equal Weight),336.77191078019900
2025-11-03,Magnificent 7 (Equal Weight),338.7995157519420
2025-11-04,Magnificent 7 (Equal Weight),331.6963360622240
2025-11-05,Magnificent 7 (Equal Weight),334.72412169550900
2025-11-06,Magnificent 7 (Equal Weight),327.34134594559900
2025-11-07,Magnificent 7 (Equal Weight),324.81169794294500
2025-11-10,Magnificent 7 (Equal Weight),332.82077161382500
2025-11-11,Magnificent 7 (Equal Weight),332.0783905243260
2025-11-12,Magnificent 7 (Equal Weight),327.54382260981500
2025-11-13,Magnificent 7 (Equal Weight),320.11548058743200
2025-11-14,Magnificent 7 (Equal Weight),320.954545343318
2025-11-17,Magnificent 7 (Equal Weight),320.01676870211400
2025-11-18,Magnificent 7 (Equal Weight),314.6196506688100
2025-11-19,Magnificent 7 (Equal Weight),315.0904583435930
2025-11-20,Magnificent 7 (Equal Weight),310.615616965049
2025-11-21,Magnificent 7 (Equal Weight),312.14407804280400
2025-11-24,Magnificent 7 (Equal Weight),322.42555721796600
2025-11-25,Magnificent 7 (Equal Weight),326.5841670963270
2025-11-26,Magnificent 7 (Equal Weight),328.13963055492000
2025-11-28,Magnificent 7 (Equal Weight),331.5809394281490
2023-01-03,S&P 500 (Equal Weight),100.0
2023-01-04,S&P 500 (Equal Weight),101.55896843464400
2023-01-05,S&P 500 (Equal Weight),100.50310896673600
2023-01-06,S&P 500 (Equal Weight),102.91242793879500
2023-01-09,S&P 500 (Equal Weight),102.95494546566500
2023-01-10,S&P 500 (Equal Weight),103.72735097912600
2023-01-11,S&P 500 (Equal Weight),104.9886627478960
2023-01-12,S&P 500 (Equal Weight),105.38550054930700
2023-01-13,S&P 500 (Equal Weight),105.6335156807450
2023-01-17,S&P 500 (Equal Weight),105.39966928295600
2023-01-18,S&P 500 (Equal Weight),103.77691323208000
2023-01-19,S&P 500 (Equal Weight),102.70694166015400
2023-01-20,S&P 500 (Equal Weight),104.49264381094800
2023-01-23,S&P 500 (Equal Weight),105.81775452187600
2023-01-24,S&P 500 (Equal Weight),105.56973939043900
2023-01-25,S&P 500 (Equal Weight),105.81067581801500
2023-01-26,S&P 500 (Equal Weight),106.66099237765200
2023-01-27,S&P 500 (Equal Weight),106.85942260428300
2023-01-30,S&P 500 (Equal Weight),105.72562943834700
2023-01-31,S&P 500 (Equal Weight),107.51841029300200
2023-02-01,S&P 500 (Equal Weight),108.61678728778000
2023-02-02,S&P 500 (Equal Weight),109.80725538830900
2023-02-03,S&P 500 (Equal Weight),108.4608972398720
2023-02-06,S&P 500 (Equal Weight),107.69558175619800
2023-02-07,S&P 500 (Equal Weight),108.70182234152200
2023-02-08,S&P 500 (Equal Weight),107.63180546589200
2023-02-09,S&P 500 (Equal Weight),106.64684629585600
2023-02-10,S&P 500 (Equal Weight),106.97280645124800
2023-02-13,S&P 500 (Equal Weight),108.17035325563700
2023-02-14,S&P 500 (Equal Weight),107.96484432514500
2023-02-15,S&P 500 (Equal Weight),108.47506597352000
2023-02-16,S&P 500 (Equal Weight),107.24915904998100
2023-02-17,S&P 500 (Equal Weight),107.02240268197900
2023-02-21,S&P 500 (Equal Weight),104.69814141551400
2023-02-22,S&P 500 (Equal Weight),104.5705775089760
2023-02-23,S&P 500 (Equal Weight),104.96032528060000
2023-02-24,S&P 500 (Equal Weight),104.06036718652700
2023-02-27,S&P 500 (Equal Weight),104.18793109306500
2023-02-28,S&P 500 (Equal Weight),103.88322970110900
2023-03-01,S&P 500 (Equal Weight),103.69190083019000
2023-03-02,S&P 500 (Equal Weight),104.50680121867000
2023-03-03,S&P 500 (Equal Weight),105.97365589571100
2023-03-06,S&P 500 (Equal Weight),105.4634229214090
2023-03-07,S&P 500 (Equal Weight),103.76276715028400
2023-03-08,S&P 500 (Equal Weight),103.9824448144250
2023-03-09,S&P 500 (Equal Weight),101.68650968933000
2023-03-10,S&P 500 (Equal Weight),99.53939723420880
2023-03-13,S&P 500 (Equal Weight),98.32058034045730
2023-03-14,S&P 500 (Equal Weight),99.70237731190470
2023-03-15,S&P 500 (Equal Weight),98.30642293273530
2023-03-16,S&P 500 (Equal Weight),99.48978967755090
2023-03-17,S&P 500 (Equal Weight),97.81038134393440
2023-03-20,S&P 500 (Equal Weight),99.07876049063910
2023-03-21,S&P 500 (Equal Weight),100.4034181645200
2023-03-22,S&P 500 (Equal Weight),98.14582129953680
2023-03-23,S&P 500 (Equal Weight),97.81823021077550
2023-03-24,S&P 500 (Equal Weight),98.6514785996625
2023-03-27,S&P 500 (Equal Weight),99.30667210311120
2023-03-28,S&P 500 (Equal Weight),99.50608768532050
2023-03-29,S&P 500 (Equal Weight),101.00167623707400
2023-03-30,S&P 500 (Equal Weight),101.50019820370800
2023-03-31,S&P 500 (Equal Weight),102.99578675546200
2023-04-03,S&P 500 (Equal Weight),103.08124086847200
2023-04-04,S&P 500 (Equal Weight),102.04857689737600
2023-04-05,S&P 500 (Equal Weight),101.83492462596100
2023-04-06,S&P 500 (Equal Weight),101.90611939791400
2023-04-10,S&P 500 (Equal Weight),102.5257494931650
2023-04-11,S&P 500 (Equal Weight),103.19515703396600
2023-04-12,S&P 500 (Equal Weight),102.69668037103700
2023-04-13,S&P 500 (Equal Weight),103.4871960404560
2023-04-14,S&P 500 (Equal Weight),103.01714745223300
2023-04-17,S&P 500 (Equal Weight),103.71508500107600
2023-04-18,S&P 500 (Equal Weight),103.72219768271600
2023-04-19,S&P 500 (Equal Weight),103.75068238705200
2023-04-20,S&P 500 (Equal Weight),103.18094299661400
2023-04-21,S&P 500 (Equal Weight),103.20942770095000
2023-04-24,S&P 500 (Equal Weight),103.40171927559400
2023-04-25,S&P 500 (Equal Weight),101.6426217253920
2023-04-26,S&P 500 (Equal Weight),100.58148437588500
2023-04-27,S&P 500 (Equal Weight),102.2337444644540
2023-04-28,S&P 500 (Equal Weight),103.36609923776500
2023-05-01,S&P 500 (Equal Weight),103.27352111718900
2023-05-02,S&P 500 (Equal Weight),101.72808716432800
2023-05-03,S&P 500 (Equal Weight),101.13697575119200
2023-05-04,S&P 500 (Equal Weight),100.17552920390100
2023-05-05,S&P 500 (Equal Weight),101.8633980043720
2023-05-08,S&P 500 (Equal Weight),101.67825308914600
2023-05-09,S&P 500 (Equal Weight),101.30078262149900
2023-05-10,S&P 500 (Equal Weight),101.2865459322940
2023-05-11,S&P 500 (Equal Weight),100.7808886321680
2023-05-12,S&P 500 (Equal Weight),100.78800131380700
2023-05-15,S&P 500 (Equal Weight),101.35776335609800
2023-05-16,S&P 500 (Equal Weight),99.92627954650990
2023-05-17,S&P 500 (Equal Weight),101.19396781171800
2023-05-18,S&P 500 (Equal Weight),102.01296818547300
2023-05-19,S&P 500 (Equal Weight),101.74232385353300
2023-05-22,S&P 500 (Equal Weight),101.89900671627400
2023-05-23,S&P 500 (Equal Weight),100.80937333650500
2023-05-24,S&P 500 (Equal Weight),99.71260462324310
2023-05-25,S&P 500 (Equal Weight),99.64852253293010
2023-05-26,S&P 500 (Equal Weight),100.48175959589100
2023-05-30,S&P 500 (Equal Weight),100.30372736230500
2023-05-31,S&P 500 (Equal Weight),99.4277462539499
2023-06-01,S&P 500 (Equal Weight),100.17552920390100
2023-06-02,S&P 500 (Equal Weight),102.36194262285800
2023-06-05,S&P 500 (Equal Weight),102.01296818547300
2023-06-06,S&P 500 (Equal Weight),102.70378172675100
2023-06-07,S&P 500 (Equal Weight),103.4587113361200
2023-06-08,S&P 500 (Equal Weight),103.50143272966100
2023-06-09,S&P 500 (Equal Weight),103.38036990474900
2023-06-12,S&P 500 (Equal Weight),104.06404811253400
2023-06-13,S&P 500 (Equal Weight),105.06822737929400
2023-06-14,S&P 500 (Equal Weight),104.86881179708500
2023-06-15,S&P 500 (Equal Weight),106.07951932769300
2023-06-16,S&P 500 (Equal Weight),105.99405388875700
2023-06-20,S&P 500 (Equal Weight),105.02988911918300
2023-06-21,S&P 500 (Equal Weight),104.87966203436300
2023-06-22,S&P 500 (Equal Weight),104.45051136556700
2023-06-23,S&P 500 (Equal Weight),103.54928476776200
2023-06-26,S&P 500 (Equal Weight),104.17868913730400
2023-06-27,S&P 500 (Equal Weight),105.45187047670800
2023-06-28,S&P 500 (Equal Weight),105.27306808014200
2023-06-29,S&P 500 (Equal Weight),106.09563612064400
2023-06-30,S&P 500 (Equal Weight),107.03262999331800
2023-07-03,S&P 500 (Equal Weight),107.29727158438400
2023-07-05,S&P 500 (Equal Weight),106.8395229519890
2023-07-06,S&P 500 (Equal Weight),105.96689431778300
2023-07-07,S&P 500 (Equal Weight),106.23153590884900
2023-07-10,S&P 500 (Equal Weight),107.18285707813800
2023-07-11,S&P 500 (Equal Weight),108.39165052722200
2023-07-12,S&P 500 (Equal Weight),108.89232441982900
2023-07-13,S&P 500 (Equal Weight),109.40731428312600
2023-07-14,S&P 500 (Equal Weight),108.76357129104200
2023-07-17,S&P 500 (Equal Weight),108.97100562898500
2023-07-18,S&P 500 (Equal Weight),109.64335791059300
2023-07-19,S&P 500 (Equal Weight),110.18696838934000
2023-07-20,S&P 500 (Equal Weight),110.07250857938900
2023-07-21,S&P 500 (Equal Weight),110.22985967177500
2023-07-24,S&P 500 (Equal Weight),110.53743784898000
2023-07-25,S&P 500 (Equal Weight),110.61609640628400
2023-07-26,S&P 500 (Equal Weight),110.86647865629200
2023-07-27,S&P 500 (Equal Weight),109.89370618282300
2023-07-28,S&P 500 (Equal Weight),110.43731666157
2023-07-31,S&P 500 (Equal Weight),110.7806281358660
2023-08-01,S&P 500 (Equal Weight),110.33002616288900
2023-08-02,S&P 500 (Equal Weight),109.2785611543380
2023-08-03,S&P 500 (Equal Weight),108.73495067559100
2023-08-04,S&P 500 (Equal Weight),108.24859275367200
2023-08-07,S&P 500 (Equal Weight),109.16412399624000
2023-08-08,S&P 500 (Equal Weight),108.6205135174930
2023-08-09,S&P 500 (Equal Weight),108.30581133272200
2023-08-10,S&P 500 (Equal Weight),108.17706952986100
2023-08-11,S&P 500 (Equal Weight),108.1985208340410
2023-08-14,S&P 500 (Equal Weight),108.17706952986100
2023-08-15,S&P 500 (Equal Weight),106.75368375748900
2023-08-16,S&P 500 (Equal Weight),105.97404097720100
2023-08-17,S&P 500 (Equal Weight),105.15863092204400
2023-08-18,S&P 500 (Equal Weight),105.34459130395400
2023-08-21,S&P 500 (Equal Weight),105.3231286738470
2023-08-22,S&P 500 (Equal Weight),104.90828264981400
2023-08-23,S&P 500 (Equal Weight),105.78091128402000
2023-08-24,S&P 500 (Equal Weight),104.76523620219000
2023-08-25,S&P 500 (Equal Weight),105.29454203617500
2023-08-28,S&P 500 (Equal Weight),106.08133147588100
2023-08-29,S&P 500 (Equal Weight),107.27582028020300
2023-08-30,S&P 500 (Equal Weight),107.61198509508100
2023-08-31,S&P 500 (Equal Weight),107.23289501999000
2023-09-01,S&P 500 (Equal Weight),107.67637298540100
2023-09-05,S&P 500 (Equal Weight),106.34596174102100
2023-09-06,S&P 500 (Equal Weight),105.98117631069300
2023-09-07,S&P 500 (Equal Weight),105.55917230131500
2023-09-08,S&P 500 (Equal Weight),105.60924422094600
2023-09-11,S&P 500 (Equal Weight),105.78091128402000
2023-09-12,S&P 500 (Equal Weight),105.64498884396300
2023-09-13,S&P 500 (Equal Weight),105.22301881236300
2023-09-14,S&P 500 (Equal Weight),106.45326356562800
2023-09-15,S&P 500 (Equal Weight),105.55917230131500
2023-09-18,S&P 500 (Equal Weight),105.30628702162100
2023-09-19,S&P 500 (Equal Weight),105.13390642519800
2023-09-20,S&P 500 (Equal Weight),104.65257721450200
2023-09-21,S&P 500 (Equal Weight),102.91413815364800
2023-09-22,S&P 500 (Equal Weight),102.5046606186220
2023-09-25,S&P 500 (Equal Weight),102.76328814288800
2023-09-26,S&P 500 (Equal Weight),101.31932316265200
2023-09-27,S&P 500 (Equal Weight),101.35524900048700
2023-09-28,S&P 500 (Equal Weight),102.05926857168700
2023-09-29,S&P 500 (Equal Weight),101.7862910989550
2023-10-02,S&P 500 (Equal Weight),100.63687948082000
2023-10-03,S&P 500 (Equal Weight),99.4300340910378
2023-10-04,S&P 500 (Equal Weight),99.99750829624090
2023-10-05,S&P 500 (Equal Weight),99.71018087504110
2023-10-06,S&P 500 (Equal Weight),100.57223109419800
2023-10-09,S&P 500 (Equal Weight),101.2906006138650
2023-10-10,S&P 500 (Equal Weight),102.06646053481000
2023-10-11,S&P 500 (Equal Weight),102.2819476062660
2023-10-12,S&P 500 (Equal Weight),101.00326186673900
2023-10-13,S&P 500 (Equal Weight),100.78054885438300
2023-10-16,S&P 500 (Equal Weight),102.03770400824500
2023-10-17,S&P 500 (Equal Weight),102.54058645645700
2023-10-18,S&P 500 (Equal Weight),100.91704891667500
2023-10-19,S&P 500 (Equal Weight),99.66709705186140
2023-10-20,S&P 500 (Equal Weight),98.42430317239190
2023-10-23,S&P 500 (Equal Weight),97.79931591405890
2023-10-24,S&P 500 (Equal Weight),98.42430317239190
2023-10-25,S&P 500 (Equal Weight),97.33956259273100
2023-10-26,S&P 500 (Equal Weight),97.13840281789040
2023-10-27,S&P 500 (Equal Weight),96.01774772632030
2023-10-30,S&P 500 (Equal Weight),96.772031757897
2023-10-31,S&P 500 (Equal Weight),97.57662555355460
2023-11-01,S&P 500 (Equal Weight),97.90704812386030
2023-11-02,S&P 500 (Equal Weight),100.0765406091080
2023-11-03,S&P 500 (Equal Weight),101.71442809735800
2023-11-06,S&P 500 (Equal Weight),101.18287972999000
2023-11-07,S&P 500 (Equal Weight),100.96734735483000
2023-11-08,S&P 500 (Equal Weight),100.80211341782500
2023-11-09,S&P 500 (Equal Weight),99.94724383586470
2023-11-10,S&P 500 (Equal Weight),101.11819736559000
2023-11-13,S&P 500 (Equal Weight),100.98890059234600
2023-11-14,S&P 500 (Equal Weight),103.8695706341390
2023-11-15,S&P 500 (Equal Weight),104.35806915610500
2023-11-16,S&P 500 (Equal Weight),104.01324000770200
2023-11-17,S&P 500 (Equal Weight),104.51609980406100
2023-11-20,S&P 500 (Equal Weight),104.93278062813600
2023-11-21,S&P 500 (Equal Weight),104.73880149049200
2023-11-22,S&P 500 (Equal Weight),105.22727736060600
2023-11-24,S&P 500 (Equal Weight),105.53619199710100
2023-11-27,S&P 500 (Equal Weight),105.32068227379300
2023-11-28,S&P 500 (Equal Weight),105.22010804933600
2023-11-29,S&P 500 (Equal Weight),105.63677754748400
2023-11-30,S&P 500 (Equal Weight),106.53473095262400
2023-12-01,S&P 500 (Equal Weight),108.13669260303800
2023-12-04,S&P 500 (Equal Weight),108.1869910411920
2023-12-05,S&P 500 (Equal Weight),107.22436659757900
2023-12-06,S&P 500 (Equal Weight),107.2602924354140
2023-12-07,S&P 500 (Equal Weight),107.82778929246900
2023-12-08,S&P 500 (Equal Weight),108.16544912960300
2023-12-11,S&P 500 (Equal Weight),109.12805092136400
2023-12-12,S&P 500 (Equal Weight),109.32199608123000
2023-12-13,S&P 500 (Equal Weight),111.64237255501600
2023-12-14,S&P 500 (Equal Weight),113.16532454441500
2023-12-15,S&P 500 (Equal Weight),112.36073074875700
2023-12-18,S&P 500 (Equal Weight),112.41048554245500
2023-12-19,S&P 500 (Equal Weight),113.35521502270800
2023-12-20,S&P 500 (Equal Weight),111.48018529215200
2023-12-21,S&P 500 (Equal Weight),112.85040716704600
2023-12-22,S&P 500 (Equal Weight),113.23264584961400
2023-12-26,S&P 500 (Equal Weight),113.88170070107500
2023-12-27,S&P 500 (Equal Weight),113.98987462199700
2023-12-28,S&P 500 (Equal Weight),114.2422842127920
2023-12-29,S&P 500 (Equal Weight),113.80237391412700
2024-01-02,S&P 500 (Equal Weight),113.83844698900300
2024-01-03,S&P 500 (Equal Weight),112.15809860351300
2024-01-04,S&P 500 (Equal Weight),111.97057524379100
2024-01-05,S&P 500 (Equal Weight),112.29509700655800
2024-01-08,S&P 500 (Equal Weight),113.49948467035900
2024-01-09,S&P 500 (Equal Weight),112.92253066494500
2024-01-10,S&P 500 (Equal Weight),113.11725731371700
2024-01-11,S&P 500 (Equal Weight),112.7927242250240
2024-01-12,S&P 500 (Equal Weight),112.54031463422900
2024-01-16,S&P 500 (Equal Weight),111.82632824799200
2024-01-17,S&P 500 (Equal Weight),110.94649632473700
2024-01-18,S&P 500 (Equal Weight),111.51623571517600
2024-01-19,S&P 500 (Equal Weight),112.37444644535800
2024-01-22,S&P 500 (Equal Weight),112.96579570294400
2024-01-23,S&P 500 (Equal Weight),113.02350129681900
2024-01-24,S&P 500 (Equal Weight),112.4393440023560
2024-01-25,S&P 500 (Equal Weight),113.57159684233200
2024-01-26,S&P 500 (Equal Weight),113.58602607228200
2024-01-29,S&P 500 (Equal Weight),114.27837993952000
2024-01-30,S&P 500 (Equal Weight),114.30000113259300
2024-01-31,S&P 500 (Equal Weight),112.8359779370960
2024-02-01,S&P 500 (Equal Weight),114.1485395218190
2024-02-02,S&P 500 (Equal Weight),114.04756888994600
2024-02-05,S&P 500 (Equal Weight),113.06676633481700
2024-02-06,S&P 500 (Equal Weight),113.78071874327500
2024-02-07,S&P 500 (Equal Weight),114.22785498284100
2024-02-08,S&P 500 (Equal Weight),114.48028722548800
2024-02-09,S&P 500 (Equal Weight),114.61730828038500
2024-02-12,S&P 500 (Equal Weight),115.3961808976930
2024-02-13,S&P 500 (Equal Weight),113.47785215136000
2024-02-14,S&P 500 (Equal Weight),114.51634897443700
2024-02-15,S&P 500 (Equal Weight),115.93707315415700
2024-02-16,S&P 500 (Equal Weight),115.4106101276430
2024-02-20,S&P 500 (Equal Weight),115.14377130689900
2024-02-21,S&P 500 (Equal Weight),115.3745370527680
2024-02-22,S&P 500 (Equal Weight),116.52123044862000
2024-02-23,S&P 500 (Equal Weight),116.831334307363
2024-02-26,S&P 500 (Equal Weight),116.36258820065000
2024-02-27,S&P 500 (Equal Weight),116.87461067128800
2024-02-28,S&P 500 (Equal Weight),116.91787570928600
2024-02-29,S&P 500 (Equal Weight),117.40105104594900
2024-03-01,S&P 500 (Equal Weight),118.22321135310800
2024-03-04,S&P 500 (Equal Weight),118.43957052087900
2024-03-05,S&P 500 (Equal Weight),117.89867826441500
2024-03-06,S&P 500 (Equal Weight),118.56937696080100
2024-03-07,S&P 500 (Equal Weight),119.4996998629560
2024-03-08,S&P 500 (Equal Weight),119.36266748213300
2024-03-11,S&P 500 (Equal Weight),119.51414041883300
2024-03-12,S&P 500 (Equal Weight),119.82422162572300
2024-03-13,S&P 500 (Equal Weight),119.88192721959800
2024-03-14,S&P 500 (Equal Weight),118.8073912994240
2024-03-15,S&P 500 (Equal Weight),118.57658024985000
2024-03-18,S&P 500 (Equal Weight),118.9024611237580
2024-03-19,S&P 500 (Equal Weight),119.61215498397400
2024-03-20,S&P 500 (Equal Weight),120.63324385851700
2024-03-21,S&P 500 (Equal Weight),121.4588132694550
2024-03-22,S&P 500 (Equal Weight),120.67670143726000
2024-03-25,S&P 500 (Equal Weight),120.41598994257800
2024-03-26,S&P 500 (Equal Weight),120.30012571778100
2024-03-27,S&P 500 (Equal Weight),122.22642791614300
2024-03-28,S&P 500 (Equal Weight),122.65370980711900
2024-04-01,S&P 500 (Equal Weight),121.9295300873230
2024-04-02,S&P 500 (Equal Weight),120.87946949361800
2024-04-03,S&P 500 (Equal Weight),121.00980825207000
2024-04-04,S&P 500 (Equal Weight),119.77870272841600
2024-04-05,S&P 500 (Equal Weight),120.49564518138500
2024-04-08,S&P 500 (Equal Weight),120.86499495996300
2024-04-09,S&P 500 (Equal Weight),121.34294904465800
2024-04-10,S&P 500 (Equal Weight),119.27905949509000
2024-04-11,S&P 500 (Equal Weight),119.19213301167700
2024-04-12,S&P 500 (Equal Weight),117.3020284733780
2024-04-15,S&P 500 (Equal Weight),116.28818819158900
2024-04-16,S&P 500 (Equal Weight),115.6436750365260
2024-04-17,S&P 500 (Equal Weight),115.40470932010500
2024-04-18,S&P 500 (Equal Weight),115.29608236213500
2024-04-19,S&P 500 (Equal Weight),115.73056754216100
2024-04-22,S&P 500 (Equal Weight),116.61405773957200
2024-04-23,S&P 500 (Equal Weight),117.64965512554800
2024-04-24,S&P 500 (Equal Weight),117.81620286999000
2024-04-25,S&P 500 (Equal Weight),117.56998856081500
2024-04-26,S&P 500 (Equal Weight),117.62792067321300
2024-04-29,S&P 500 (Equal Weight),118.44624149139800
2024-04-30,S&P 500 (Equal Weight),116.73719320897500
2024-05-01,S&P 500 (Equal Weight),116.33888303716000
2024-05-02,S&P 500 (Equal Weight),117.05582549012900
2024-05-03,S&P 500 (Equal Weight),117.888598190117
2024-05-06,S&P 500 (Equal Weight),118.79383416578900
2024-05-07,S&P 500 (Equal Weight),119.12697495837700
2024-05-08,S&P 500 (Equal Weight),119.09800323921500
2024-05-09,S&P 500 (Equal Weight),120.09735766142300
2024-05-10,S&P 500 (Equal Weight),120.29288845095300
2024-05-13,S&P 500 (Equal Weight),120.26392805771700
2024-05-14,S&P 500 (Equal Weight),120.7418821424120
2024-05-15,S&P 500 (Equal Weight),121.70503890455600
2024-05-16,S&P 500 (Equal Weight),121.5095081150260
2024-05-17,S&P 500 (Equal Weight),121.69054171904900
2024-05-20,S&P 500 (Equal Weight),121.58916335383300
2024-05-21,S&P 500 (Equal Weight),121.53847983418800
2024-05-22,S&P 500 (Equal Weight),121.07498895722200
2024-05-23,S&P 500 (Equal Weight),119.38044918623200
2024-05-24,S&P 500 (Equal Weight),120.16976430747600
2024-05-28,S&P 500 (Equal Weight),119.33696895563600
2024-05-29,S&P 500 (Equal Weight),117.93932701346700
2024-05-30,S&P 500 (Equal Weight),118.48243915146200
2024-05-31,S&P 500 (Equal Weight),120.05391140860500
2024-06-03,S&P 500 (Equal Weight),119.41663552037000
2024-06-04,S&P 500 (Equal Weight),119.05453433454500
2024-06-05,S&P 500 (Equal Weight),119.77870272841600
2024-06-06,S&P 500 (Equal Weight),119.54698560474800
2024-06-07,S&P 500 (Equal Weight),119.17042121119500
2024-06-10,S&P 500 (Equal Weight),119.48904216642300
2024-06-11,S&P 500 (Equal Weight),118.99662487399900
2024-06-12,S&P 500 (Equal Weight),119.63388943630900
2024-06-13,S&P 500 (Equal Weight),119.29352270281900
2024-06-14,S&P 500 (Equal Weight),118.5331339970330
2024-06-17,S&P 500 (Equal Weight),119.39490106803500
2024-06-18,S&P 500 (Equal Weight),119.69183287463300
2024-06-20,S&P 500 (Equal Weight),119.7642395206870
2024-06-21,S&P 500 (Equal Weight),119.91630140554700
2024-06-24,S&P 500 (Equal Weight),120.49290430725000
2024-06-25,S&P 500 (Equal Weight),119.6640163999410
2024-06-26,S&P 500 (Equal Weight),119.21323321214600
2024-06-27,S&P 500 (Equal Weight),119.35863545241400
2024-06-28,S&P 500 (Equal Weight),119.44589038768600
2024-07-01,S&P 500 (Equal Weight),118.47887148471600
2024-07-02,S&P 500 (Equal Weight),119.00963836317700
2024-07-03,S&P 500 (Equal Weight),119.06053707541900
2024-07-05,S&P 500 (Equal Weight),119.00963836317700
2024-07-08,S&P 500 (Equal Weight),119.24230686464400
2024-07-09,S&P 500 (Equal Weight),119.03872334160100
2024-07-10,S&P 500 (Equal Weight),120.02029605971000
2024-07-11,S&P 500 (Equal Weight),121.46720578075300
2024-07-12,S&P 500 (Equal Weight),122.5360107822820
2024-07-15,S&P 500 (Equal Weight),122.67416442979600
2024-07-16,S&P 500 (Equal Weight),124.84814198181100
2024-07-17,S&P 500 (Equal Weight),124.33918883716700
2024-07-18,S&P 500 (Equal Weight),123.27036118378600
2024-07-19,S&P 500 (Equal Weight),122.44148460240300
2024-07-22,S&P 500 (Equal Weight),123.40851483130000
2024-07-23,S&P 500 (Equal Weight),122.9722741327170
2024-07-24,S&P 500 (Equal Weight),121.53263565628100
2024-07-25,S&P 500 (Equal Weight),121.67804922247500
2024-07-26,S&P 500 (Equal Weight),123.41578607590600
2024-07-29,S&P 500 (Equal Weight),123.58302470184500
2024-07-30,S&P 500 (Equal Weight),124.17922145583500
2024-07-31,S&P 500 (Equal Weight),124.76816961707000
2024-08-01,S&P 500 (Equal Weight),123.37942985287600
2024-08-02,S&P 500 (Equal Weight),121.25635101310400
2024-08-05,S&P 500 (Equal Weight),118.39161654944300
2024-08-06,S&P 500 (Equal Weight),119.60585776901900
2024-08-07,S&P 500 (Equal Weight),118.76242737249800
2024-08-08,S&P 500 (Equal Weight),120.91461384254700
2024-08-09,S&P 500 (Equal Weight),121.16909607783200
2024-08-12,S&P 500 (Equal Weight),120.58743048712800
2024-08-13,S&P 500 (Equal Weight),121.96161643618400
2024-08-14,S&P 500 (Equal Weight),122.21609867146900
2024-08-15,S&P 500 (Equal Weight),123.87385183423400
2024-08-16,S&P 500 (Equal Weight),124.17195021122900
2024-08-19,S&P 500 (Equal Weight),125.11718935816000
2024-08-20,S&P 500 (Equal Weight),124.62275605087600
2024-08-21,S&P 500 (Equal Weight),125.49526009989500
2024-08-22,S&P 500 (Equal Weight),125.13899176605200
2024-08-23,S&P 500 (Equal Weight),126.73131505328800
2024-08-26,S&P 500 (Equal Weight),126.7095013194700
2024-08-27,S&P 500 (Equal Weight),126.76765995039200
2024-08-28,S&P 500 (Equal Weight),126.41865153522900
2024-08-29,S&P 500 (Equal Weight),126.89125978276900
2024-08-30,S&P 500 (Equal Weight),127.8728098490250
2024-09-03,S&P 500 (Equal Weight),126.22962182732500
2024-09-04,S&P 500 (Equal Weight),126.04784071217400
2024-09-05,S&P 500 (Equal Weight),125.27713408764000
2024-09-06,S&P 500 (Equal Weight),123.93202179108200
2024-09-09,S&P 500 (Equal Weight),125.13172052144600
2024-09-10,S&P 500 (Equal Weight),125.20442164158000
2024-09-11,S&P 500 (Equal Weight),125.26260292435400
2024-09-12,S&P 500 (Equal Weight),126.0405694675680
2024-09-13,S&P 500 (Equal Weight),127.24752811661200
2024-09-16,S&P 500 (Equal Weight),128.17094220379900
2024-09-17,S&P 500 (Equal Weight),128.35997191170300
2024-09-18,S&P 500 (Equal Weight),128.1200548174830
2024-09-19,S&P 500 (Equal Weight),129.48696952193300
2024-09-20,S&P 500 (Equal Weight),129.01434994846700
2024-09-23,S&P 500 (Equal Weight),129.6749459187030
2024-09-24,S&P 500 (Equal Weight),129.86474578958700
2024-09-25,S&P 500 (Equal Weight),129.06180557915100
2024-09-26,S&P 500 (Equal Weight),130.1421177216770
2024-09-27,S&P 500 (Equal Weight),130.6092781987250
2024-09-30,S&P 500 (Equal Weight),130.7771850543080
2024-10-01,S&P 500 (Equal Weight),130.08374389815700
2024-10-02,S&P 500 (Equal Weight),129.94504660618600
2024-10-03,S&P 500 (Equal Weight),129.3318836147830
2024-10-04,S&P 500 (Equal Weight),130.34651671140400
2024-10-07,S&P 500 (Equal Weight),129.3318836147830
2024-10-08,S&P 500 (Equal Weight),129.63847643641100
2024-10-09,S&P 500 (Equal Weight),130.52900003397800
2024-10-10,S&P 500 (Equal Weight),130.0399352157020
2024-10-11,S&P 500 (Equal Weight),131.31734112557100
2024-10-14,S&P 500 (Equal Weight),132.28086031735200
2024-10-15,S&P 500 (Equal Weight),131.68230777071800
2024-10-16,S&P 500 (Equal Weight),132.57284269421100
2024-10-17,S&P 500 (Equal Weight),132.36116113395200
2024-10-18,S&P 500 (Equal Weight),132.755326016785
2024-10-21,S&P 500 (Equal Weight),131.62392262127200
2024-10-22,S&P 500 (Equal Weight),131.03266397109600
2024-10-23,S&P 500 (Equal Weight),130.6019956281930
2024-10-24,S&P 500 (Equal Weight),130.6311825399520
2024-10-25,S&P 500 (Equal Weight),130.01073697801600
2024-10-28,S&P 500 (Equal Weight),130.74797549069600
2024-10-29,S&P 500 (Equal Weight),130.35381060786200
2024-10-30,S&P 500 (Equal Weight),130.06913345338800
2024-10-31,S&P 500 (Equal Weight),128.68222848923500
2024-11-01,S&P 500 (Equal Weight),128.7625179799080
2024-11-04,S&P 500 (Equal Weight),128.91580306479600
2024-11-05,S&P 500 (Equal Weight),130.41951230561900
2024-11-06,S&P 500 (Equal Weight),133.50717497423400
2024-11-07,S&P 500 (Equal Weight),133.63856704382
2024-11-08,S&P 500 (Equal Weight),134.38312210481000
2024-11-11,S&P 500 (Equal Weight),135.05465891973300
2024-11-12,S&P 500 (Equal Weight),134.02543803019500
2024-11-13,S&P 500 (Equal Weight),134.09843362441000
2024-11-14,S&P 500 (Equal Weight),133.02541537834300
2024-11-15,S&P 500 (Equal Weight),132.07648397947700
2024-11-18,S&P 500 (Equal Weight),132.60934615428200
2024-11-19,S&P 500 (Equal Weight),132.25166207966700
2024-11-20,S&P 500 (Equal Weight),132.69694086733900
2024-11-21,S&P 500 (Equal Weight),134.3685229859670
2024-11-22,S&P 500 (Equal Weight),135.4269421131910
2024-11-25,S&P 500 (Equal Weight),136.65325677007200
2024-11-26,S&P 500 (Equal Weight),136.66784456298900
2024-11-27,S&P 500 (Equal Weight),136.53645249340300
2024-11-29,S&P 500 (Equal Weight),136.95252171746300
2024-12-02,S&P 500 (Equal Weight),136.60945941354400
2024-12-03,S&P 500 (Equal Weight),136.00360164452400
2024-12-04,S&P 500 (Equal Weight),136.01089554098300
2024-12-05,S&P 500 (Equal Weight),135.3320421777490
2024-12-06,S&P 500 (Equal Weight),135.17875709286100
2024-12-09,S&P 500 (Equal Weight),134.6240019027560
2024-12-10,S&P 500 (Equal Weight),133.7991573510920
2024-12-11,S&P 500 (Equal Weight),133.92325552422000
2024-12-12,S&P 500 (Equal Weight),133.43419070594500
2024-12-13,S&P 500 (Equal Weight),132.96701890297100
2024-12-16,S&P 500 (Equal Weight),132.52904533768200
2024-12-17,S&P 500 (Equal Weight),131.48523665522700
2024-12-18,S&P 500 (Equal Weight),127.59461112432500
2024-12-19,S&P 500 (Equal Weight),127.1712480038060
2024-12-20,S&P 500 (Equal Weight),128.95231785079200
2024-12-23,S&P 500 (Equal Weight),129.12811887692100
2024-12-24,S&P 500 (Equal Weight),130.10236372079300
2024-12-26,S&P 500 (Equal Weight),130.31479279218100
2024-12-27,S&P 500 (Equal Weight),129.42845978729900
2024-12-30,S&P 500 (Equal Weight),128.12457386202800
2024-12-31,S&P 500 (Equal Weight),128.35897523019900
2025-01-02,S&P 500 (Equal Weight),127.98540088115700
2025-01-03,S&P 500 (Equal Weight),129.1574303738690
2025-01-06,S&P 500 (Equal Weight),129.06951853487800
2025-01-07,S&P 500 (Equal Weight),128.63733251786700
2025-01-08,S&P 500 (Equal Weight),128.79117257313700
2025-01-10,S&P 500 (Equal Weight),126.90859977574700
2025-01-13,S&P 500 (Equal Weight),127.94876150997200
2025-01-14,S&P 500 (Equal Weight),128.98161802181400
2025-01-15,S&P 500 (Equal Weight),130.2195644048790
2025-01-16,S&P 500 (Equal Weight),131.24508171655700
2025-01-17,S&P 500 (Equal Weight),131.8823802566460
2025-01-21,S&P 500 (Equal Weight),133.41335100177800
2025-01-22,S&P 500 (Equal Weight),132.9445482654340
2025-01-23,S&P 500 (Equal Weight),133.5745189312860
2025-01-24,S&P 500 (Equal Weight),133.45729559534700
2025-01-27,S&P 500 (Equal Weight),133.54519610841200
2025-01-28,S&P 500 (Equal Weight),132.88593659746500
2025-01-29,S&P 500 (Equal Weight),132.4464227062170
2025-01-30,S&P 500 (Equal Weight),133.86018144133700
2025-01-31,S&P 500 (Equal Weight),132.7614080391420
2025-02-03,S&P 500 (Equal Weight),132.036220311916
2025-02-04,S&P 500 (Equal Weight),132.1973655895710
2025-02-05,S&P 500 (Equal Weight),132.84198067797000
2025-02-06,S&P 500 (Equal Weight),132.66617965184100
2025-02-07,S&P 500 (Equal Weight),132.01423668920500
2025-02-10,S&P 500 (Equal Weight),132.38782236417400
2025-02-11,S&P 500 (Equal Weight),132.40247811264800
2025-02-12,S&P 500 (Equal Weight),131.6333231400000
2025-02-13,S&P 500 (Equal Weight),132.77605246169000
2025-02-14,S&P 500 (Equal Weight),132.64420735505600
2025-02-18,S&P 500 (Equal Weight),133.66240811842400
2025-02-19,S&P 500 (Equal Weight),133.933426205928
2025-02-20,S&P 500 (Equal Weight),133.596479902144
2025-02-21,S&P 500 (Equal Weight),131.7212349789900
2025-02-24,S&P 500 (Equal Weight),131.83110778883900
2025-02-25,S&P 500 (Equal Weight),131.96295289547300
2025-02-26,S&P 500 (Equal Weight),131.684606933732
2025-02-27,S&P 500 (Equal Weight),130.5345497378050
2025-02-28,S&P 500 (Equal Weight),131.9849251922580
2025-03-03,S&P 500 (Equal Weight),130.57849433137400
2025-03-04,S&P 500 (Equal Weight),128.46885936597500
2025-03-05,S&P 500 (Equal Weight),129.66284982954500
2025-03-06,S&P 500 (Equal Weight),128.2271187976400
2025-03-07,S&P 500 (Equal Weight),129.42845978729900
2025-03-10,S&P 500 (Equal Weight),127.60447600602500
2025-03-11,S&P 500 (Equal Weight),125.9050434349270
2025-03-12,S&P 500 (Equal Weight),125.31171214026000
2025-03-13,S&P 500 (Equal Weight),124.11037115060100
2025-03-14,S&P 500 (Equal Weight),126.47640243280900
2025-03-17,S&P 500 (Equal Weight),128.18317420407100
2025-03-18,S&P 500 (Equal Weight),127.5165868188870
2025-03-19,S&P 500 (Equal Weight),128.46153149173800
2025-03-20,S&P 500 (Equal Weight),127.92678921318800
2025-03-21,S&P 500 (Equal Weight),127.34077446683200
2025-03-24,S&P 500 (Equal Weight),129.31407925883100
2025-03-25,S&P 500 (Equal Weight),129.0049494297400
2025-03-26,S&P 500 (Equal Weight),128.76206494286100
2025-03-27,S&P 500 (Equal Weight),128.43084955772300
2025-03-28,S&P 500 (Equal Weight),126.45090777298300
2025-03-31,S&P 500 (Equal Weight),127.50343741859500
2025-04-01,S&P 500 (Equal Weight),127.63592810302100
2025-04-02,S&P 500 (Equal Weight),128.70317012673700
2025-04-03,S&P 500 (Equal Weight),122.57199324974800
2025-04-04,S&P 500 (Equal Weight),115.69005470422300
2025-04-07,S&P 500 (Equal Weight),114.72585595687100
2025-04-08,S&P 500 (Equal Weight),112.56190184952400
2025-04-09,S&P 500 (Equal Weight),121.56363471622900
2025-04-10,S&P 500 (Equal Weight),117.47128311417700
2025-04-11,S&P 500 (Equal Weight),119.25247754635100
2025-04-14,S&P 500 (Equal Weight),120.7760751135420
2025-04-15,S&P 500 (Equal Weight),120.38597623820700
2025-04-16,S&P 500 (Equal Weight),118.84031576682200
2025-04-17,S&P 500 (Equal Weight),119.72354546793100
2025-04-21,S&P 500 (Equal Weight),117.31670687370500
2025-04-22,S&P 500 (Equal Weight),120.20932576761500
2025-04-23,S&P 500 (Equal Weight),121.3722605416060
2025-04-24,S&P 500 (Equal Weight),123.42579819464700
2025-04-25,S&P 500 (Equal Weight),123.24914772405500
2025-04-28,S&P 500 (Equal Weight),123.59508681322400
2025-04-29,S&P 500 (Equal Weight),124.31640107369800
2025-04-30,S&P 500 (Equal Weight),124.49305154429000
2025-05-01,S&P 500 (Equal Weight),124.32376292571300
2025-05-02,S&P 500 (Equal Weight),126.517153115196
2025-05-05,S&P 500 (Equal Weight),126.09761815772500
2025-05-06,S&P 500 (Equal Weight),125.1628554925080
2025-05-07,S&P 500 (Equal Weight),125.9872017034190
2025-05-08,S&P 500 (Equal Weight),127.0471045269730
2025-05-09,S&P 500 (Equal Weight),127.0176571189110
2025-05-12,S&P 500 (Equal Weight),130.49911091479500
2025-05-13,S&P 500 (Equal Weight),130.79351703985600
2025-05-14,S&P 500 (Equal Weight),130.0059687630960
2025-05-15,S&P 500 (Equal Weight),131.19097776720700
2025-05-16,S&P 500 (Equal Weight),132.47904137360800
2025-05-19,S&P 500 (Equal Weight),132.4643176695770
2025-05-20,S&P 500 (Equal Weight),132.11838990633500
2025-05-21,S&P 500 (Equal Weight),129.24048339052900
2025-05-22,S&P 500 (Equal Weight),128.8282989591470
2025-05-23,S&P 500 (Equal Weight),128.31308257732800
2025-05-27,S&P 500 (Equal Weight),130.7051974675230
2025-05-28,S&P 500 (Equal Weight),129.59378433171400
2025-05-29,S&P 500 (Equal Weight),129.91027601282100
2025-05-30,S&P 500 (Equal Weight),129.85874304871300
2025-06-02,S&P 500 (Equal Weight),129.9617976510030
2025-06-03,S&P 500 (Equal Weight),131.0437633787500
2025-06-04,S&P 500 (Equal Weight),130.74935725368900
2025-06-05,S&P 500 (Equal Weight),130.39606763843100
2025-06-06,S&P 500 (Equal Weight),131.52219315234500
2025-06-09,S&P 500 (Equal Weight),131.5442673824650
2025-06-10,S&P 500 (Equal Weight),132.19934762665200
2025-06-11,S&P 500 (Equal Weight),131.82397245534800
2025-06-12,S&P 500 (Equal Weight),132.1331022844390
2025-06-13,S&P 500 (Equal Weight),130.53590884894600
2025-06-16,S&P 500 (Equal Weight),131.79452504728600
2025-06-17,S&P 500 (Equal Weight),130.5285469969310
2025-06-18,S&P 500 (Equal Weight),130.54327070096200
2025-06-20,S&P 500 (Equal Weight),130.75670777977900
2025-06-23,S&P 500 (Equal Weight),131.91109147950600
2025-06-24,S&P 500 (Equal Weight),133.160057988742
2025-06-25,S&P 500 (Equal Weight),132.1993249748000
2025-06-26,S&P 500 (Equal Weight),133.1970144858600
2025-06-27,S&P 500 (Equal Weight),133.68478814855100
2025-06-30,S&P 500 (Equal Weight),134.31296931806600
2025-07-01,S&P 500 (Equal Weight),135.88711449378800
2025-07-02,S&P 500 (Equal Weight),136.1975128266110
2025-07-03,S&P 500 (Equal Weight),136.8552546634500
2025-07-07,S&P 500 (Equal Weight),135.76148732062600
2025-07-08,S&P 500 (Equal Weight),136.10144632077300
2025-07-09,S&P 500 (Equal Weight),136.50792248536100
2025-07-10,S&P 500 (Equal Weight),137.298687325156
2025-07-11,S&P 500 (Equal Weight),136.2935906583760
2025-07-14,S&P 500 (Equal Weight),136.43400949112600
2025-07-15,S&P 500 (Equal Weight),134.54207015278700
2025-07-16,S&P 500 (Equal Weight),135.0667889866690
2025-07-17,S&P 500 (Equal Weight),136.16795215928800
2025-07-18,S&P 500 (Equal Weight),136.11621532850800
2025-07-21,S&P 500 (Equal Weight),135.65062915519900
2025-07-22,S&P 500 (Equal Weight),137.37998482325900
2025-07-23,S&P 500 (Equal Weight),138.51809316706900
2025-07-24,S&P 500 (Equal Weight),138.0746831572150
2025-07-25,S&P 500 (Equal Weight),138.7398094979220
2025-07-28,S&P 500 (Equal Weight),137.91947266487700
2025-07-29,S&P 500 (Equal Weight),137.85296682636200
2025-07-30,S&P 500 (Equal Weight),136.95872832500900
2025-07-31,S&P 500 (Equal Weight),135.7097504898460
2025-08-01,S&P 500 (Equal Weight),134.17993498918400
2025-08-04,S&P 500 (Equal Weight),135.8206086552730
2025-08-05,S&P 500 (Equal Weight),135.44370448393400
2025-08-06,S&P 500 (Equal Weight),135.1406906549780
2025-08-07,S&P 500 (Equal Weight),135.05939315687500
2025-08-08,S&P 500 (Equal Weight),135.30328565118400
2025-08-11,S&P 500 (Equal Weight),134.93376598371300
2025-08-12,S&P 500 (Equal Weight),136.6483299921850
2025-08-13,S&P 500 (Equal Weight),138.59939066517200
2025-08-14,S&P 500 (Equal Weight),137.6977676599500
2025-08-15,S&P 500 (Equal Weight),137.35780865980300
2025-08-18,S&P 500 (Equal Weight),137.3282479924800
2025-08-19,S&P 500 (Equal Weight),137.97120949565700
2025-08-20,S&P 500 (Equal Weight),137.8455823224940
2025-08-21,S&P 500 (Equal Weight),137.36519316367100
2025-08-22,S&P 500 (Equal Weight),140.0405241638640
2025-08-25,S&P 500 (Equal Weight),138.96891033264200
2025-08-26,S&P 500 (Equal Weight),139.06498816440700
2025-08-27,S&P 500 (Equal Weight),139.56754216076000
2025-08-28,S&P 500 (Equal Weight),139.5010136703930
2025-08-29,S&P 500 (Equal Weight),139.3975513347600
2025-09-02,S&P 500 (Equal Weight),138.29638816214200
2025-09-03,S&P 500 (Equal Weight),138.082067661083
2025-09-04,S&P 500 (Equal Weight),139.1019446615250
2025-09-05,S&P 500 (Equal Weight),139.26452833180400
2025-09-08,S&P 500 (Equal Weight),139.15367016637800
2025-09-09,S&P 500 (Equal Weight),138.72504049018600
2025-09-10,S&P 500 (Equal Weight),138.58462165743600
2025-09-11,S&P 500 (Equal Weight),140.66132082951100
2025-09-12,S&P 500 (Equal Weight),139.6488396588630
2025-09-15,S&P 500 (Equal Weight),139.4049471645540
2025-09-16,S&P 500 (Equal Weight),139.03542749708400
2025-09-17,S&P 500 (Equal Weight),139.16845050004000
2025-09-18,S&P 500 (Equal Weight),140.07746933505500
2025-09-19,S&P 500 (Equal Weight),139.8335994925990
2025-09-22,S&P 500 (Equal Weight),139.9003884792680
2025-09-23,S&P 500 (Equal Weight),140.07111549046900
2025-09-24,S&P 500 (Equal Weight),139.7445210832120
2025-09-25,S&P 500 (Equal Weight),138.59402217616300
2025-09-26,S&P 500 (Equal Weight),139.96720011779000
2025-09-29,S&P 500 (Equal Weight),140.43481363188500
2025-09-30,S&P 500 (Equal Weight),140.8059415808730
2025-10-01,S&P 500 (Equal Weight),141.1251175064840
2025-10-02,S&P 500 (Equal Weight),141.4591303953880
2025-10-03,S&P 500 (Equal Weight),141.9564404879210
2025-10-06,S&P 500 (Equal Weight),141.91190694619100
2025-10-07,S&P 500 (Equal Weight),141.2884147101130
2025-10-08,S&P 500 (Equal Weight),141.74860974256200
2025-10-09,S&P 500 (Equal Weight),140.57584406464800
2025-10-10,S&P 500 (Equal Weight),137.4064082090310
2025-10-13,S&P 500 (Equal Weight),138.74247109057300
2025-10-14,S&P 500 (Equal Weight),139.89296999762200
2025-10-15,S&P 500 (Equal Weight),140.17503086314900
2025-10-16,S&P 500 (Equal Weight),138.84638646325300
2025-10-17,S&P 500 (Equal Weight),139.55152730114500
2025-10-20,S&P 500 (Equal Weight),140.9469720136360
2025-10-21,S&P 500 (Equal Weight),141.5927310205790
2025-10-22,S&P 500 (Equal Weight),140.90985695355200
2025-10-23,S&P 500 (Equal Weight),141.57789405728700
2025-10-24,S&P 500 (Equal Weight),141.96385896956700
2025-10-27,S&P 500 (Equal Weight),142.59478101321700
2025-10-28,S&P 500 (Equal Weight),141.37006331192700
2025-10-29,S&P 500 (Equal Weight),139.78905462494200
2025-10-30,S&P 500 (Equal Weight),139.18782915973000
2025-10-31,S&P 500 (Equal Weight),139.49214547019600
2025-11-03,S&P 500 (Equal Weight),139.1507140996460
2025-11-04,S&P 500 (Equal Weight),138.23031270882200
2025-11-05,S&P 500 (Equal Weight),139.03938024532000
2025-11-06,S&P 500 (Equal Weight),138.0595970235470
2025-11-07,S&P 500 (Equal Weight),139.21751441224100
2025-11-10,S&P 500 (Equal Weight),140.01915214116600
2025-11-11,S&P 500 (Equal Weight),140.82820835173800
2025-11-12,S&P 500 (Equal Weight),141.16222124064200
2025-11-13,S&P 500 (Equal Weight),139.56637559036400
2025-11-14,S&P 500 (Equal Weight),139.05421720861200
2025-11-17,S&P 500 (Equal Weight),137.2282740421100
2025-11-18,S&P 500 (Equal Weight),137.3099226439240
2025-11-19,S&P 500 (Equal Weight),136.89424982728000
2025-11-20,S&P 500 (Equal Weight),135.22417405683300
2025-11-21,S&P 500 (Equal Weight),137.88145153069900
2025-11-24,S&P 500 (Equal Weight),138.45299174340000
2025-11-25,S&P 500 (Equal Weight),140.4199653426660
2025-11-26,S&P 500 (Equal Weight),141.39974856443900
2025-11-28,S&P 500 (Equal Weight),142.1642712332800